flight_id,aircraft_id,operation,origin,destination,passenger_count,passenger_ids,takeoff_start_s,landing_end_s,duration_min,distance_km,departure_energy_kwh,landing_energy_kwh,planned_energy_kwh,departure_soc,landing_soc,boarding_end_s,energy_ready_s,required_departure_energy_kwh,energy_context
F000001,EVTOL_004,passenger,BW,LYBE,1,SYN2-192-D:P0001,-9321.269339413662,-8996.433517413661,5.4139303666666665,13.490879,142.0,110.90133285277777,31.098667147222223,1.0,0.7809953017801251,-9381.269339413662,-9576.269339413662,64.20853386194445,battery_at_origin
F000002,EVTOL_001,repositioning,LYBE,BW,0,,-8934.300230493682,-8609.46440849368,5.4139303666666665,13.490879,142.0,110.90133285277777,31.098667147222223,1.0,0.7809953017801251,,-8994.300230493682,64.20853386194445,battery_at_origin
F000003,EVTOL_001,passenger,BW,LYBE,1,SYN2-343-D:P0001,-7839.300230493682,-7514.464408493682,5.4139303666666665,13.490879,119.80361864620757,88.70495149898535,31.098667147222223,0.8436874552549829,0.6246827570351081,-7899.300230493682,-8094.300230493682,64.20853386194445,battery_after_repositioning
F000004,EVTOL_002,repositioning,LYBE,LYBV,0,,-7807.877857624137,-7371.429669624136,7.274136466666667,19.691566,142.0,104.23559432777778,37.764405672222225,1.0,0.7340534811815337,,-7867.877857624137,71.54084623944445,battery_at_origin
F000005,EVTOL_002,passenger,LYBV,LYBE,1,SYN2-193-D:P0001,-6712.877857624137,-6276.429669624136,7.274136466666667,19.691566,114.51992577854519,76.75552010632298,37.764405672222225,0.8064783505531351,0.5405318317346689,-6772.877857624137,-6967.877857624137,71.54084623944445,battery_after_repositioning
F000006,EVTOL_001,repositioning,LYBE,BW,0,,-6787.079570779751,-6462.243748779751,5.4139303666666665,13.490879,108.8148036757327,77.71613652851049,31.098667147222223,0.7663014343361458,0.547296736116271,,-6847.079570779751,64.20853386194445,battery_at_origin
F000007,EVTOL_003,repositioning,LYBE,EXPO,0,,-6736.814578951901,-6536.052180951901,3.3460399666666665,6.597911,142.0,118.31127345277777,23.688726547222224,1.0,0.8331779820618153,,-6796.814578951901,56.05759920194445,battery_at_origin
F000008,EVTOL_001,passenger,BW,LYBE,3,SYN2-190-D:P0001|SYN2-342-D:P0002|SYN2-342-D:P0001,-5542.079570779751,-5217.243748779751,5.4139303666666665,13.490879,108.82316864505549,77.72450149783327,31.098667147222223,0.7663603425708133,0.5473556443509385,-5602.079570779751,-5947.079570779751,64.20853386194445,battery_after_repositioning
F000009,EVTOL_003,passenger,EXPO,LYBE,1,SYN2-197-D:P0003,-5641.814578951901,-5441.052180951901,3.3460399666666665,6.597911,126.9731227664429,103.28439621922068,23.688726547222224,0.894176920890443,0.7273549029522584,-5701.814578951901,-5896.814578951901,56.05759920194445,battery_after_repositioning
F000010,EVTOL_002,repositioning,LYBE,BW,0,,-5637.356146532356,-5312.520324532356,5.4139303666666665,13.490879,101.18597411146924,70.08730696424702,31.098667147222223,0.7125772824751354,0.4935725842552607,,-5697.356146532356,64.20853386194445,battery_at_origin
F000011,EVTOL_002,passenger,BW,LYBE,2,SYN2-197-D:P0002|SYN2-197-D:P0001,-4467.356146532356,-4142.520324532356,5.4139303666666665,13.490879,104.48225169573152,73.3835845485093,31.098667147222223,0.7357905048995177,0.516785806679643,-4527.356146532356,-4797.356146532356,64.20853386194445,battery_after_repositioning
F000012,EVTOL_001,repositioning,LYBE,EXPO,0,,-4695.330940561123,-4494.568542561123,3.3460399666666665,6.597911,97.68638347260224,73.99765692538003,23.688726547222224,0.6879322779760721,0.5211102600378875,,-4755.330940561123,56.05759920194445,battery_at_origin
F000013,EVTOL_003,repositioning,LYBE,JUG,0,,-4506.181744557622,-4088.379432557622,6.963371866666667,18.655684,117.70581088126784,81.05497835904562,36.650832522222224,0.8289141611356889,0.5708097067538423,,-4566.181744557622,70.31591577444445,battery_at_origin
F000014,EVTOL_001,passenger,EXPO,LYBE,1,SYN2-194-D:P0001,-3600.3309405611226,-3399.5685425611227,3.3460399666666665,6.597911,107.05065138502826,83.36192483780604,23.688726547222224,0.7538778266551286,0.587055808716944,-3660.3309405611226,-3855.3309405611226,56.05759920194445,battery_after_repositioning
F000015,EVTOL_003,passenger,JUG,LYBE,1,SYN2-195-D:P0001,-3411.1817445576216,-2993.379432557622,6.963371866666667,18.655684,104.29514174148552,67.6443092192633,36.650832522222224,0.734472829165391,0.47636837478354443,-3471.1817445576216,-3666.1817445576216,70.31591577444445,battery_after_repositioning
F000016,EVTOL_001,passenger,LYBE,EXPO,1,SYN2-002-A:P0001,7250.428099285272,7451.190497285272,3.3460399666666665,6.597911,142.0,118.31127345277777,23.688726547222224,1.0,0.8331779820618153,7190.428099285272,6995.428099285272,56.05759920194445,battery_at_origin
F000017,EVTOL_002,passenger,LYBE,BW,1,SYN2-003-A:P0002,7432.665323532941,7757.501145532941,5.4139303666666665,13.490879,142.0,110.90133285277777,31.098667147222223,1.0,0.7809953017801251,7372.665323532941,7177.665323532941,64.20853386194445,battery_at_origin
F000018,EVTOL_003,passenger,LYBE,LYBV,1,SYN2-003-A:P0001,8131.813593248996,8568.261781248995,7.274136466666667,19.691566,142.0,104.23559432777778,37.764405672222225,1.0,0.7340534811815337,8071.813593248996,7876.813593248996,71.54084623944445,battery_at_origin
F000019,EVTOL_002,repositioning,BW,LYBV,0,,7943.501145532941,8137.113511532942,3.226872766666667,6.200687,112.01972745369967,88.75801670647745,23.261710747222224,0.7888713200964765,0.6250564556794187,,7883.501145532941,55.58788182194445,battery_at_origin
F000020,EVTOL_001,repositioning,EXPO,DOR,0,,8149.2097747251555,8571.197806725155,7.033133866666666,18.888224,124.96045189089673,88.05963886867453,36.90081302222222,0.8800031823302586,0.6201383018920741,,8089.2097747251555,70.59089432444445,battery_at_origin
F000021,EVTOL_002,passenger,LYBV,LYBE,1,SYN2-345-D:P0003,8744.932944289149,9181.381132289149,7.274136466666667,19.691566,106.13425887771484,68.36985320549262,37.764405672222225,0.7474243582937665,0.48147783947530015,8684.932944289149,8489.932944289149,71.54084623944445,battery_after_repositioning
F000022,EVTOL_003,repositioning,LYBV,JUG,0,,8784.932944289149,9071.511800289149,4.776314266666666,11.365492,106.70192224171775,77.88804611949554,28.81387612222222,0.7514219876177306,0.548507367038701,,8724.932944289149,61.69526373444444,battery_at_origin
F000023,EVTOL_001,passenger,DOR,LYBE,1,SYN2-201-D:P0001,9244.209774725156,9672.009988725156,7.130003566666668,19.211123,107.34930314697935,70.10137369975713,37.247929447222226,0.7559810080773194,0.49367164577293754,9184.209774725156,8989.209774725156,70.97272239194444,battery_after_repositioning
F000024,EVTOL_004,repositioning,LYBE,LYBV,0,,9181.381132289149,9617.82932028915,7.274136466666667,19.691566,142.0,104.23559432777778,37.764405672222225,1.0,0.7340534811815337,,9121.381132289149,71.54084623944445,battery_at_origin
F000025,EVTOL_003,passenger,JUG,LYBE,1,SYN2-345-D:P0001,9573.268381141666,9991.070693141666,6.963371866666667,18.655684,97.03007337661936,60.37924085439714,36.650832522222224,0.6833103758916856,0.425205921509839,9513.268381141666,9318.268381141666,70.31591577444445,battery_after_repositioning
F000026,EVTOL_002,passenger,LYBE,BW,1,SYN2-006-A:P0001,9991.070693141666,10315.906515141665,5.4139303666666665,13.490879,102.84019349575463,71.74152634853242,31.098667147222223,0.7242267147588355,0.5052220165389607,9926.77902909776,9731.77902909776,64.20853386194445,battery_at_origin
F000027,EVTOL_004,passenger,LYBV,LYBE,2,SYN2-220-D:P0002|SYN2-344-D:P0001,10325.093146521776,10761.541334521777,7.274136466666667,19.691566,115.178613964313,77.41420829209078,37.764405672222225,0.8111169997486831,0.5451704809302167,10265.093146521776,9995.093146521776,71.54084623944445,battery_after_repositioning
F000028,EVTOL_001,repositioning,LYBE,JUG,0,,10237.39325766277,10655.19556966277,6.963371866666667,18.655684,95.20568854961249,58.55485602739027,36.650832522222224,0.6704625954198062,0.41235814103795965,,10177.39325766277,70.31591577444445,battery_at_origin
F000029,EVTOL_003,repositioning,LYBE,DOR,0,,10277.39325766277,10705.193471662771,7.130003566666668,19.211123,72.82096513638928,35.57303568916706,37.247929447222226,0.5128236981435864,0.2505143358392046,,10217.39325766277,70.97272239194444,battery_at_origin
F000030,EVTOL_002,passenger,BW,LYBE,2,SYN2-345-D:P0002|SYN2-203-D:P0001,10771.906515141665,11096.742337141666,5.4139303666666665,13.490879,91.45336201741543,60.354694870193214,31.098667147222223,0.6440377606860241,0.4250330624661494,10711.906515141665,10441.906515141665,64.20853386194445,battery_at_origin
F000031,EVTOL_003,passenger,DOR,LYBE,1,SYN2-206-D:P0001,11297.18929436647,11724.98950836647,7.130003566666668,19.211123,70.97272239194446,33.72479294472224,37.247929447222226,0.4998079041686229,0.23749854186424113,10900.193471662771,11237.18929436647,70.97272239194444,battery_after_repositioning
F000032,EVTOL_004,repositioning,LYBE,BW,0,,11096.742337141666,11421.578159141667,5.4139303666666665,13.490879,89.59703376708036,58.498366619858146,31.098667147222223,0.630965026528735,0.4119603283088602,,11036.742337141666,64.20853386194445,battery_at_origin
F000033,EVTOL_001,passenger,JUG,LYBE,1,SYN2-220-D:P0001,11510.19556966277,11927.99788166277,6.963371866666667,18.655684,100.17087037659675,63.520037854374536,36.650832522222224,0.7054286646239208,0.4473242102420742,11450.19556966277,11255.19556966277,70.31591577444445,battery_after_repositioning
F000034,EVTOL_002,repositioning,LYBE,LYBV,0,,11365.928581046866,11802.376769046867,7.274136466666667,19.691566,71.54084623944442,33.7764405672222,37.764405672222225,0.5038087763341156,0.23786225751564932,,11305.928581046866,71.54084623944445,battery_at_origin
F000035,EVTOL_004,passenger,BW,LYBE,2,SYN2-348-D:P0001|SYN2-210-D:P0001,12150.566175545653,12475.401997545654,5.4139303666666665,13.490879,95.56178753762214,64.46312039039992,31.098667147222223,0.6729703347719869,0.45396563655211214,12090.566175545653,11820.566175545653,64.20853386194445,battery_after_repositioning
F000036,EVTOL_001,repositioning,LYBE,DOR,0,,12252.99541038633,12680.79562438633,7.130003566666668,19.211123,78.32767333869332,41.0797438914711,37.247929447222226,0.5516033333710797,0.28929397106669785,,12192.99541038633,70.97272239194444,battery_at_origin
F000037,EVTOL_002,passenger,LYBV,LYBE,1,SYN2-200-D:P0001,12657.376769046867,13093.824957046867,7.274136466666667,19.691566,86.1584785297117,48.39407285748948,37.764405672222225,0.6067498488007866,0.3408033299823203,12597.376769046867,12402.376769046867,71.54084623944445,battery_after_repositioning
F000038,EVTOL_004,repositioning,LYBE,JUG,0,,12727.401997545654,13145.204309545654,6.963371866666667,18.655684,74.25723362730471,37.6064011050825,36.650832522222224,0.5229382649810191,0.2648338105991725,,12667.401997545654,70.31591577444445,battery_at_origin
F000039,EVTOL_001,passenger,DOR,LYBE,2,SYN2-351-D:P0002|SYN2-202-D:P0001,13422.99541038633,13850.79562438633,7.130003566666668,19.211123,85.32798736419173,48.08005791696951,37.247929447222226,0.6009013194661389,0.3385919571617571,13362.99541038633,13139.368671059308,70.97272239194444,battery_after_repositioning
F000040,EVTOL_004,passenger,JUG,LYBE,1,SYN2-226-D:P0001,13701.331171803813,14119.133483803813,6.963371866666667,18.655684,70.31591577444443,33.66508325222222,36.650832522222224,0.495182505453834,0.23707805107198746,13589.406691386523,13641.331171803813,70.31591577444445,battery_after_repositioning
F000041,EVTOL_002,repositioning,LYBE,LYBV,0,,13522.486161121451,13958.934349121451,7.274136466666667,19.691566,71.54084623944448,33.77644056722226,37.764405672222225,0.503808776334116,0.2378622575156497,,13462.486161121451,71.54084623944445,battery_at_origin
F000042,EVTOL_001,repositioning,LYBE,BW,0,,14185.841970319329,14510.67779231933,5.4139303666666665,13.490879,64.2085338619444,33.10986671472219,31.098667147222223,0.45217277367566483,0.23316807545579005,,14125.841970319329,64.20853386194445,battery_at_origin
F000043,EVTOL_002,passenger,LYBV,LYBE,3,SYN2-217-D:P0001|SYN2-214-D:P0002|SYN2-349-D:P0001,14745.641101028112,15182.089289028112,7.274136466666667,19.691566,82.33742838852942,44.5730227163072,37.764405672222225,0.5798410449896438,0.31389452617117747,14685.641101028112,14522.497317066265,71.54084623944445,battery_after_repositioning
F000044,EVTOL_001,passenger,BW,LYBE,1,SYN2-211-D:P0001,15064.071346268516,15388.907168268517,5.4139303666666665,13.490879,65.6143832609112,34.51571611368898,31.098667147222223,0.4620731215557127,0.2430684233358379,15004.071346268516,14985.326687615627,64.20853386194445,battery_after_repositioning
F000045,EVTOL_004,repositioning,LYBE,LYBV,0,,14973.918401359026,15410.366589359026,7.274136466666667,19.691566,86.06784331240407,48.30343764018185,37.764405672222225,0.6061115726225639,0.3401650538040975,,14913.918401359026,71.54084623944445,battery_at_origin
F000046,EVTOL_003,repositioning,LYBE,DOR,0,,15033.006634478768,15460.80684847877,7.130003566666668,19.211123,130.59102302831067,93.34309358108845,37.247929447222226,0.9196550917486667,0.6573457294442849,,14973.006634478768,70.97272239194444,battery_at_origin
F000047,EVTOL_002,repositioning,LYBE,BW,0,,15563.896104303276,15888.731926303277,5.4139303666666665,13.490879,64.20853386194449,33.10986671472227,31.098667147222223,0.4521727736756654,0.23316807545579066,,15503.896104303276,64.20853386194445,battery_at_origin
F000048,EVTOL_004,passenger,LYBV,LYBE,1,SYN2-235-D:P0001,16068.918401359026,16505.366589359026,7.274136466666667,19.691566,86.01147731946824,48.247071647246024,37.764405672222225,0.6057146290103397,0.3397681101918734,16008.918401359026,15813.918401359026,71.54084623944445,battery_after_repositioning
F000049,EVTOL_002,passenger,BW,LYBE,2,SYN2-216-D:P0001|SYN2-233-D:P0001,16423.380821599574,16748.216643599575,5.4139303666666665,13.490879,64.20853386194457,33.10986671472236,31.098667147222223,0.452172773675666,0.23316807545579124,16173.522600469383,16363.380821599572,64.20853386194445,battery_after_repositioning
F000050,EVTOL_001,repositioning,LYBE,JUG,0,,15986.243163745257,16404.045475745257,6.963371866666667,18.655684,70.3159157744445,33.66508325222229,36.650832522222224,0.4951825054538345,0.23707805107198796,,15926.243163745257,70.31591577444445,battery_at_origin
F000051,EVTOL_003,passenger,DOR,LYBE,1,SYN2-351-D:P0001,16380.416429599574,16808.216643599575,7.130003566666668,19.211123,113.77552811901596,76.52759867179374,37.247929447222226,0.8012361135141969,0.538926751209815,16255.80684847877,16060.80684847877,70.97272239194444,battery_after_repositioning
F000052,EVTOL_001,passenger,JUG,LYBE,3,SYN2-232-D:P0001|SYN2-234-D:P0001|SYN2-231-D:P0001,17012.72324270822,17430.52555470822,6.963371866666667,18.655684,70.3159157744445,33.66508325222229,36.650832522222224,0.4951825054538345,0.23707805107198796,16898.48940284651,16952.72324270822,70.31591577444445,battery_after_repositioning
F000053,EVTOL_003,repositioning,LYBE,JUG,0,,16994.216643599575,17412.018955599575,6.963371866666667,18.655684,80.75115415290847,44.10032163068625,36.650832522222224,0.5686700996683695,0.3105656452865229,,16934.216643599575,70.31591577444445,battery_at_origin
F000054,EVTOL_003,passenger,JUG,LYBE,1,SYN2-214-D:P0001,17881.560210849682,18299.362522849682,6.963371866666667,18.655684,70.3159157744443,33.66508325222209,36.650832522222224,0.49518250545383313,0.23707805107198654,17736.53511457393,17821.560210849682,70.31591577444445,battery_after_repositioning
F000055,EVTOL_001,repositioning,LYBE,JUG,0,,18039.203321671182,18457.005633671182,6.963371866666667,18.655684,70.3159157744445,33.66508325222229,36.650832522222224,0.4951825054538345,0.23707805107198796,,17979.203321671182,70.31591577444445,battery_at_origin
F000056,EVTOL_001,passenger,JUG,LYBE,1,SYN2-234-D:P0002,19065.683400634145,19483.485712634145,6.963371866666667,18.655684,70.3159157744445,33.66508325222229,36.650832522222224,0.4951825054538345,0.23707805107198796,18715.824249839374,19005.683400634145,70.31591577444445,battery_after_repositioning
F000057,EVTOL_001,passenger,LYBE,LYBV,2,SYN2-009-A:P0001|SYN2-014-A:P0001,21507.80321043103,21944.251398431028,7.274136466666667,19.691566,116.70130496749762,78.93689929527541,37.764405672222225,0.8218401758274481,0.5558936570089817,21447.80321043103,21177.80321043103,71.54084623944445,battery_at_origin
F000058,EVTOL_002,passenger,LYBE,BW,1,SYN2-010-A:P0001,21709.437456960703,22034.273278960703,5.4139303666666665,13.490879,142.0,110.90133285277777,31.098667147222223,1.0,0.7809953017801251,21649.437456960703,21454.437456960703,64.20853386194445,battery_at_origin
F000059,EVTOL_003,passenger,LYBE,EXPO,1,SYN2-015-A:P0001,21749.437456960703,21950.1998549607,3.3460399666666665,6.597911,131.82300330213258,108.13427675491036,23.688726547222224,0.9283310091699477,0.7615089912317631,21657.003095445805,21462.003095445805,56.05759920194445,battery_at_origin
F000060,EVTOL_004,passenger,LYBE,DOR,3,SYN2-017-A:P0002|SYN2-009-A:P0002|SYN2-017-A:P0001,21955.408268370757,22383.208482370756,7.130003566666668,19.211123,142.0,104.75207055277777,37.247929447222226,1.0,0.737690637695618,21895.408268370757,21550.408268370757,70.97272239194444,battery_at_origin
F000061,EVTOL_003,repositioning,EXPO,LYBE,0,,22136.1998549607,22336.9622529607,3.3460399666666665,6.597911,109.50263414146265,85.81390759424043,23.688726547222224,0.7711453108553707,0.6043232929171861,,22076.1998549607,56.05759920194445,battery_at_origin
F000062,EVTOL_002,repositioning,BW,LYBE,0,,22220.273278960703,22545.109100960704,5.4139303666666665,13.490879,112.01972745369967,80.92106030647746,31.098667147222223,0.7888713200964765,0.5698666218766019,,22160.273278960703,64.20853386194445,battery_at_origin
F000063,EVTOL_003,passenger,LYBE,LYBV,1,SYN2-019-A:P0001,22888.705321996273,23325.15350999627,7.274136466666667,19.691566,103.1130532916613,65.34864761943909,37.764405672222225,0.7261482626173331,0.46020174379886686,22828.705321996273,22633.705321996273,71.54084623944445,battery_after_repositioning
F000064,EVTOL_001,repositioning,LYBV,BW,0,,22796.251398431028,22989.86376443103,3.226872766666667,6.200687,107.76507127259822,84.503360525376,23.261710747222224,0.7589089526239311,0.5950940882068733,,22736.251398431028,55.58788182194445,battery_at_origin
F000065,EVTOL_002,passenger,LYBE,JUG,1,SYN2-019-A:P0002,23028.83092331889,23446.63323531889,6.963371866666667,18.655684,98.14203925274319,61.49120673052097,36.650832522222224,0.6911411214981915,0.43303666711634486,22968.83092331889,22773.83092331889,70.31591577444445,battery_after_repositioning
F000066,EVTOL_001,passenger,BW,LYBE,2,SYN2-236-D:P0001|SYN2-241-D:P0001,23319.86376443103,23644.69958643103,5.4139303666666665,13.490879,94.58997360726924,63.49130646004703,31.098667147222223,0.6661265746990792,0.4471218764792044,23259.86376443103,22989.86376443103,64.20853386194445,battery_after_repositioning
F000067,EVTOL_004,repositioning,DOR,JUG,0,,23356.156249318887,23506.63323531889,2.507949766666667,3.804277,118.84743237707659,98.16186237985437,20.685569997222224,0.8369537491343422,0.6912807209848899,,23296.156249318887,52.75412699694445,battery_at_origin
F000068,EVTOL_004,passenger,JUG,LYBE,1,SYN2-353-D:P0001,23761.63323531889,24179.435547318888,6.963371866666667,18.655684,102.58457296107967,65.93374043885746,36.650832522222224,0.7224265701484484,0.4643221157666018,23701.63323531889,23506.63323531889,70.31591577444445,battery_after_repositioning
F000069,EVTOL_002,repositioning,JUG,BW,0,,25053.442179245856,25228.408669245855,2.916108166666667,5.164805,116.09373542038821,93.945597823166,22.148137597222224,0.8175615170449875,0.6615887170645492,,24993.442179245856,54.36295135694445,battery_at_origin
F000070,EVTOL_003,repositioning,LYBV,JUG,0,,25053.442179245856,25340.021035245856,4.776314266666666,11.365492,118.3120190927303,89.49814297050808,28.81387612222222,0.8331832330473965,0.6302686124683667,,24993.442179245856,61.69526373444444,battery_at_origin
F000071,EVTOL_003,passenger,JUG,LYBE,1,SYN2-242-D:P0001,25930.239550854796,26348.041862854796,6.963371866666667,18.655684,106.07279813946658,69.42196561724437,36.650832522222224,0.7469915361934266,0.4888870818115801,25870.239550854796,25675.239550854796,70.31591577444445,battery_after_repositioning
F000072,EVTOL_002,passenger,BW,LYBE,1,SYN2-237-D:P0001,26148.442179245856,26473.278001245857,5.4139303666666665,13.490879,113.97706219233477,82.87839504511255,31.098667147222223,0.8026553675516533,0.5836506693317786,26088.442179245856,25893.442179245856,64.20853386194445,battery_after_repositioning
F000073,EVTOL_001,repositioning,LYBE,LYBV,0,,26473.278001245857,26909.726189245855,7.274136466666667,19.691566,129.84706829170202,92.08266261947979,37.764405672222225,0.9144159738852254,0.6484694550667591,,26413.278001245857,71.54084623944445,battery_at_origin
F000074,EVTOL_002,repositioning,LYBE,BW,0,,27259.278001245857,27584.113823245858,5.4139303666666665,13.490879,107.74029353183641,76.6416263846142,31.098667147222223,0.7587344614918058,0.539729763271931,,27199.278001245857,64.20853386194445,battery_at_origin
F000075,EVTOL_001,passenger,LYBV,LYBE,2,SYN2-246-D:P0001|SYN2-245-D:P0001,27604.713834224855,28041.162022224853,7.274136466666667,19.691566,109.60705259897274,71.84264692675053,37.764405672222225,0.7718806521054419,0.5059341332869756,27544.713834224855,27274.713834224855,71.54084623944445,battery_after_repositioning
F000076,EVTOL_002,passenger,BW,LYBE,1,SYN2-243-D:P0001,27974.626134787482,28299.461956787483,5.4139303666666665,13.490879,91.64239909050157,60.543731943279354,31.098667147222223,0.6453690076795885,0.42636430945971376,27914.626134787482,27719.626134787482,64.20853386194445,battery_after_repositioning
F000077,EVTOL_001,repositioning,LYBE,BW,0,,28794.3212764861,29119.1570984861,5.4139303666666665,13.490879,102.5408259012722,71.44215875404998,31.098667147222223,0.7221184922624803,0.5031137940426055,,28734.3212764861,64.20853386194445,battery_at_origin
F000078,EVTOL_002,repositioning,LYBE,LYBV,0,,29229.18586788682,29665.634055886818,7.274136466666667,19.691566,103.29503797296793,65.53063230074572,37.764405672222225,0.7274298448800559,0.4614833260615896,,29169.18586788682,71.54084623944445,battery_at_origin
F000079,EVTOL_001,passenger,BW,LYBE,1,SYN2-249-D:P0002,29889.3212764861,30214.1570984861,5.4139303666666665,13.490879,102.88307209712099,71.78440494989877,31.098667147222223,0.7245286767402886,0.5055239785204139,29829.3212764861,29634.3212764861,64.20853386194445,battery_after_repositioning
F000080,EVTOL_002,passenger,LYBV,LYBE,1,SYN2-356-D:P0001,30324.18586788682,30760.634055886818,7.274136466666667,19.691566,96.47405703215706,58.70965135993485,37.764405672222225,0.679394767832092,0.4134482490136257,30264.18586788682,30069.18586788682,71.54084623944445,battery_after_repositioning
F000081,EVTOL_001,repositioning,LYBE,LYBV,0,,30489.657255408452,30926.10544340845,7.274136466666667,19.691566,82.08086251410835,44.31645684188613,37.764405672222225,0.578034243057101,0.31208772423863473,,30429.657255408452,71.54084623944445,battery_at_origin
F000082,EVTOL_002,repositioning,LYBE,DOR,0,,31123.12534593749,31550.92555993749,7.130003566666668,19.211123,76.57614177580005,39.328212328577834,37.247929447222226,0.5392686040549299,0.27695924175054815,,31063.12534593749,70.97272239194444,battery_at_origin
F000083,EVTOL_001,passenger,LYBV,LYBE,2,SYN2-356-D:P0003|SYN2-249-D:P0001,31659.657255408452,32096.10544340845,7.274136466666667,19.691566,87.1610755491064,49.39666987688418,37.764405672222225,0.6138103911908901,0.34786387237242383,31599.657255408452,31349.134861024413,71.54084623944445,battery_after_repositioning
F000084,EVTOL_003,repositioning,LYBE,BW,0,,31882.94433290555,32207.78015490555,5.4139303666666665,13.490879,142.0,110.90133285277777,31.098667147222223,1.0,0.7809953017801251,,31822.94433290555,64.20853386194445,battery_at_origin
F000085,EVTOL_002,passenger,DOR,LYBE,1,SYN2-356-D:P0002,32218.12534593749,32645.92555993749,7.130003566666668,19.211123,79.57683353007965,42.328904082857434,37.247929447222226,0.5604002361273215,0.2980908738229397,32158.12534593749,32032.852360782377,70.97272239194444,battery_after_repositioning
F000086,EVTOL_003,passenger,BW,LYBE,1,SYN2-253-D:P0002,32977.94433290555,33302.78015490555,5.4139303666666665,13.490879,119.80361864620757,88.70495149898535,31.098667147222223,0.8436874552549829,0.6246827570351081,32917.94433290555,32722.94433290555,64.20853386194445,battery_after_repositioning
F000087,EVTOL_001,passenger,LYBE,BW,2,SYN2-023-A:P0003|SYN2-021-A:P0001,33156.81901284181,33481.65483484181,5.4139303666666665,13.490879,102.7828792522693,71.68421210504708,31.098667147222223,0.7238230933258402,0.5048183951059654,33096.81901284181,32826.81901284181,64.20853386194445,battery_at_origin
F000088,EVTOL_002,passenger,LYBE,DOR,2,SYN2-023-A:P0002|SYN2-022-A:P0001,33196.81901284181,33624.61922684181,7.130003566666668,19.211123,74.52169201857687,37.27376257135465,37.247929447222226,0.524800648018147,0.2624912857137652,33123.8223478915,33087.84313739198,70.97272239194444,battery_at_origin
F000089,EVTOL_004,passenger,LYBE,LYBV,1,SYN2-157-A:P0001,33302.78015490555,33739.22834290555,7.274136466666667,19.691566,142.0,104.23559432777778,37.764405672222225,1.0,0.7340534811815337,33128.0018437256,32933.0018437256,71.54084623944445,battery_at_origin
F000090,EVTOL_001,passenger,BW,LYBE,2,SYN2-259-D:P0001|SYN2-253-D:P0001,34004.27742442932,34329.11324642932,5.4139303666666665,13.490879,94.32227376167972,63.22360661445751,31.098667147222223,0.6642413645188713,0.44523666629899655,33944.27742442932,33674.27742442932,64.20853386194445,battery_at_origin
F000091,EVTOL_002,passenger,DOR,LYBE,1,SYN2-250-D:P0001,34193.93869111634,34621.73890511634,7.130003566666668,19.211123,70.97272239194434,33.724792944722125,37.247929447222226,0.49980790416862214,0.23749854186424033,34011.61922684181,34133.93869111634,70.97272239194444,battery_at_origin
F000092,EVTOL_004,passenger,LYBV,LYBE,1,SYN2-254-D:P0001,34120.22834290555,34556.676530905555,7.274136466666667,19.691566,110.18386839024382,72.41946271802159,37.764405672222225,0.7759427351425621,0.5099962163240958,34060.22834290555,33865.22834290555,71.54084623944445,battery_at_origin
F000093,EVTOL_003,passenger,LYBE,BW,3,SYN2-157-A:P0002|SYN2-023-A:P0001|SYN2-026-A:P0001,34433.78015490555,34758.61597690555,5.4139303666666665,13.490879,115.28655922189665,84.18789207467444,31.098667147222223,0.8118771776189905,0.5928724793991158,34373.78015490555,34028.78015490555,64.20853386194445,battery_at_origin
F000094,EVTOL_003,passenger,BW,LYBE,3,SYN2-260-D:P0001|SYN2-358-D:P0001|SYN2-360-D:P0001,35421.61597690555,35746.45179890555,5.4139303666666665,13.490879,105.34212730208381,74.2434601548616,31.098667147222223,0.7418459669160832,0.5228412686962084,35361.61597690555,35016.61597690555,64.20853386194445,battery_at_origin
F000095,EVTOL_001,repositioning,LYBE,LYBV,0,,35181.11324642932,35617.56143442932,7.274136466666667,19.691566,102.05404590633518,64.28964023411295,37.764405672222225,0.718690464129121,0.4527439453106546,,35121.11324642932,71.54084623944445,battery_at_origin
F000096,EVTOL_002,repositioning,LYBE,EXPO,0,,35400.64000022498,35601.40239822498,3.3460399666666665,6.597911,81.83545480986234,58.146728262640124,23.688726547222224,0.576306019787763,0.40948400184957834,,35340.64000022498,56.05759920194445,battery_at_origin
F000097,EVTOL_001,passenger,LYBV,LYBE,1,SYN2-254-D:P0002,35990.488713797036,36426.93690179704,7.274136466666667,19.691566,81.9279533378542,44.16354766563199,37.764405672222225,0.5769574178722127,0.3110108990537464,35930.488713797036,35774.28174014892,71.54084623944445,battery_after_repositioning
F000098,EVTOL_003,repositioning,LYBE,DOR,0,,36064.45179890555,36492.252012905556,7.130003566666668,19.211123,86.36876437977762,49.1208349325554,37.247929447222226,0.6082307350688565,0.3459213727644746,,36004.45179890555,70.97272239194444,battery_at_origin
F000099,EVTOL_002,passenger,EXPO,LYBE,1,SYN2-255-D:P0001,36495.64000022498,36696.40239822498,3.3460399666666665,6.597911,101.26459320753827,77.57586666031605,23.688726547222224,0.7131309380812554,0.5463089201430708,36435.64000022498,36240.64000022498,56.05759920194445,battery_after_repositioning
F000100,EVTOL_003,passenger,DOR,LYBE,2,SYN2-263-D:P0001|SYN2-288-D:P0001,37199.56084663348,37627.361060633484,7.130003566666668,19.211123,89.06833368411566,51.82040423689344,37.247929447222226,0.6272417865078568,0.36493242420347494,37139.56084663348,36869.56084663348,70.97272239194444,battery_after_repositioning
F000101,EVTOL_001,passenger,LYBE,JUG,1,SYN2-030-A:P0001,37476.31907235825,37894.12138435825,6.963371866666667,18.655684,100.25354136237513,63.602708840152914,36.650832522222224,0.7060108546646136,0.447906400282767,37416.31907235825,37221.31907235825,70.31591577444445,battery_at_origin
F000102,EVTOL_001,repositioning,JUG,BW,0,,38396.92003205215,38571.88652205215,2.916108166666667,5.164805,88.50329260855105,66.35515501132883,22.148137597222224,0.6232626240038807,0.4672898240234425,,38336.92003205215,54.36295135694445,battery_at_origin
F000103,EVTOL_004,repositioning,LYBE,JUG,0,,38396.92003205215,38814.72234405215,6.963371866666667,18.655684,138.62614376671127,101.97531124448903,36.650832522222224,0.976240449061347,0.7181359946795003,,38336.92003205215,70.31591577444445,battery_at_origin
F000104,EVTOL_004,passenger,JUG,LYBE,3,SYN2-361-D:P0001|SYN2-271-D:P0002|SYN2-271-D:P0001,39219.72234405215,39637.52465605215,6.963371866666667,18.655684,109.12536499764505,72.47453247542283,36.650832522222224,0.7684884858989088,0.5103840315170622,39159.72234405215,38814.72234405215,70.31591577444445,battery_after_repositioning
F000105,EVTOL_002,passenger,LYBE,DOR,1,SYN2-159-A:P0002,39231.48485751364,39659.285071513645,7.130003566666668,19.211123,128.92443224429502,91.6765027970728,37.247929447222226,0.907918536931655,0.6456091746272732,39171.48485751364,38976.48485751364,70.97272239194444,battery_at_origin
F000106,EVTOL_003,passenger,LYBE,EXPO,1,SYN2-159-A:P0003,39413.0190516311,39613.7814496311,3.3460399666666665,6.597911,116.74555948555512,93.0568329383329,23.688726547222224,0.8221518273630642,0.6553298094248796,39353.0190516311,39158.0190516311,56.05759920194445,battery_at_origin
F000107,EVTOL_001,passenger,BW,LYBE,3,SYN2-265-D:P0001|SYN2-284-D:P0001|SYN2-283-D:P0002,39641.92003205215,39966.75585405215,5.4139303666666665,13.490879,108.65821938818326,77.55955224096104,31.098667147222223,0.7651987280857976,0.5461940298659228,39581.92003205215,39236.92003205215,64.20853386194445,battery_after_repositioning
F000108,EVTOL_003,repositioning,EXPO,LYBE,0,,39825.99345605215,40026.75585405215,3.3460399666666665,6.597911,96.80187115484311,73.1131446076209,23.688726547222224,0.6817033179918529,0.5148813000536683,,39765.99345605215,56.05759920194445,battery_at_origin
F000109,EVTOL_002,repositioning,DOR,BW,0,,39845.285071513645,40030.249463513646,3.0827398666666666,5.720244,94.53157779189718,71.78634326967496,22.745234522222226,0.6657153365626561,0.5055376286596828,,39785.285071513645,55.01975797444445,battery_at_origin
F000110,EVTOL_004,passenger,LYBE,LYBV,2,SYN2-159-A:P0001|SYN2-033-A:P0001,40225.52465605215,40661.97284405215,7.274136466666667,19.691566,97.31866723748487,59.55426156526265,37.764405672222225,0.6853427270245414,0.419396208206075,40165.52465605215,39895.52465605215,71.54084623944445,battery_at_origin
F000111,EVTOL_003,passenger,LYBE,BW,2,SYN2-032-A:P0001|SYN2-032-A:P0002,40356.75585405215,40681.59167605215,5.4139303666666665,13.490879,86.16245161353437,55.06378446631216,31.098667147222223,0.6067778282643266,0.3877731300444518,40296.75585405215,40026.75585405215,64.20853386194445,battery_after_repositioning
F000112,EVTOL_001,passenger,LYBE,JUG,2,SYN2-032-A:P0003|SYN2-031-A:P0001,40554.75585405215,40972.55816605215,6.963371866666667,18.655684,99.91717518554807,63.26634266332586,36.650832522222224,0.7036420787714653,0.4455376243896187,40494.75585405215,40224.75585405215,70.31591577444445,battery_at_origin
F000113,EVTOL_002,passenger,BW,LYBE,2,SYN2-270-D:P0001|SYN2-277-D:P0001,40952.290228247635,41277.126050247636,5.4139303666666665,13.490879,106.98548875890002,75.8868216116778,31.098667147222223,0.7534189349218311,0.5344142367019563,40892.290228247635,40622.290228247635,64.20853386194445,battery_after_repositioning
F000114,EVTOL_004,repositioning,LYBV,LYBE,0,,40941.83153202309,41378.27972002309,7.274136466666667,19.691566,71.54084623944435,33.77644056722213,37.764405672222225,0.5038087763341151,0.23786225751564882,,40881.83153202309,71.54084623944445,battery_at_origin
F000115,EVTOL_003,repositioning,BW,LYBE,0,,41113.44389802309,41438.27972002309,5.4139303666666665,13.490879,77.94588049608713,46.84721334886491,31.098667147222223,0.5489146513808952,0.3299099531610205,,41053.44389802309,64.20853386194445,battery_at_origin
F000116,EVTOL_001,repositioning,JUG,LYBE,0,,41224.55816605215,41642.36047805215,6.963371866666667,18.655684,73.12207405748121,36.471241535259,36.650832522222224,0.5149441835033889,0.25683972912154224,,41164.55816605215,70.31591577444445,battery_at_origin
F000117,EVTOL_004,passenger,LYBE,LYBV,2,SYN2-033-A:P0002|SYN2-161-A:P0001,42001.84268796791,42438.29087596791,7.274136466666667,19.691566,71.54084623944463,33.776440567222416,37.764405672222225,0.5038087763341171,0.23786225751565082,41648.27972002309,41941.84268796791,71.54084623944445,battery_after_repositioning
F000118,EVTOL_003,passenger,LYBE,DOR,2,SYN2-160-A:P0001|SYN2-036-A:P0003,41879.95317393082,42307.753387930825,7.130003566666668,19.211123,70.97272239194464,33.724792944722424,37.247929447222226,0.49980790416862425,0.2374985418642424,41708.27972002309,41819.95317393082,70.97272239194444,battery_after_repositioning
F000119,EVTOL_002,passenger,LYBE,BW,4,SYN2-036-A:P0001|SYN2-034-A:P0001|SYN2-037-A:P0001|SYN2-164-A:P0001,42118.526887961714,42443.362709961715,5.4139303666666665,13.490879,106.4437334737761,75.34506632655389,31.098667147222223,0.7496037568575782,0.5305990586377034,42058.526887961714,41638.526887961714,64.20853386194445,battery_at_origin
F000120,EVTOL_001,passenger,LYBE,EXPO,1,SYN2-036-A:P0002,42296.85296639672,42497.61536439672,3.3460399666666665,6.597911,76.27292548527942,52.5841989380572,23.688726547222224,0.537133278065348,0.37031126012716337,42236.85296639672,42041.85296639672,56.05759920194445,battery_after_repositioning
F000121,EVTOL_003,passenger,DOR,LYBE,1,SYN2-286-D:P0001,42924.39244722712,43352.19266122712,7.130003566666668,19.211123,70.97272239194436,33.72479294472214,37.247929447222226,0.49980790416862225,0.2374985418642404,42694.753387930825,42864.39244722712,70.97272239194444,battery_at_origin
F000122,EVTOL_001,repositioning,EXPO,LYBE,0,,42683.61536439672,42884.37776239672,3.3460399666666665,6.597911,57.5341989380572,33.845472390834985,23.688726547222224,0.40517041505674084,0.23834839711855624,,42623.61536439672,56.05759920194445,battery_at_origin
F000123,EVTOL_002,repositioning,BW,LYBE,0,,42827.362709961715,43152.198531961716,5.4139303666666665,13.490879,90.45762871188595,59.35896156466373,31.098667147222223,0.6370255543090559,0.4180208560891812,,42767.362709961715,64.20853386194445,battery_at_origin
F000124,EVTOL_004,repositioning,LYBV,BW,0,,42894.388271489464,43088.000637489466,3.226872766666667,6.200687,58.98374523133883,35.72203448411661,23.261710747222224,0.41537848754463963,0.2515636231275818,,42834.388271489464,55.58788182194445,battery_at_origin
F000125,EVTOL_001,passenger,LYBE,LYBV,2,SYN2-036-A:P0004|SYN2-045-A:P0001,43507.020306026694,43943.468494026696,7.274136466666667,19.691566,71.54084623944438,33.77644056722216,37.764405672222225,0.5038087763341154,0.23786225751564902,43154.37776239672,43447.020306026694,71.54084623944445,battery_after_repositioning
F000126,EVTOL_002,passenger,LYBE,DOR,2,SYN2-046-A:P0001|SYN2-050-A:P0001,43720.57616076573,44148.376374765736,7.130003566666668,19.211123,88.94921240900861,51.70128296178639,37.247929447222226,0.626402904288793,0.3640935419844112,43660.57616076573,43390.57616076573,70.97272239194444,battery_after_repositioning
F000127,EVTOL_004,passenger,BW,LYBE,1,SYN2-289-D:P0001,43989.388271489464,44314.224093489465,5.4139303666666665,13.490879,89.81723404096995,58.718566893747735,31.098667147222223,0.632515732682887,0.41351103446301224,43929.388271489464,43734.388271489464,64.20853386194445,battery_after_repositioning
F000128,EVTOL_003,passenger,LYBE,BW,4,SYN2-051-A:P0001|SYN2-047-A:P0001|SYN2-054-A:P0001|SYN2-055-A:P0001,44558.19266122712,44883.02848322712,5.4139303666666665,13.490879,100.82234224506288,69.72367509784067,31.098667147222223,0.7100164946835414,0.49101179646366666,44498.19266122712,44078.19266122712,64.20853386194445,battery_at_origin
F000129,EVTOL_004,passenger,LYBE,JUG,1,SYN2-053-A:P0002,44695.224093489465,45113.026405489465,6.963371866666667,18.655684,77.8076777678041,41.15684524558188,36.650832522222224,0.5479413927310147,0.2898369383491681,44635.224093489465,44528.85541189875,70.31591577444445,battery_at_origin
F000130,EVTOL_002,repositioning,DOR,LYBE,0,,44525.328900501176,44953.12911450118,7.130003566666668,19.211123,70.97272239194439,33.72479294472217,37.247929447222226,0.4998079041686224,0.23749854186424063,,44465.328900501176,70.97272239194444,battery_at_origin
F000131,EVTOL_001,repositioning,LYBV,LYBE,0,,44795.468494026696,45231.9166820267,7.274136466666667,19.691566,85.99837027464336,48.233964602421146,37.764405672222225,0.6056223258777702,0.33967580705930384,,44735.468494026696,71.54084623944445,battery_at_origin
F000132,EVTOL_002,passenger,LYBE,LYBV,2,SYN2-053-A:P0001|SYN2-055-A:P0002,45577.380717412656,46013.82890541266,7.274136466666667,19.691566,71.54084623944419,33.776440567221975,37.764405672222225,0.503808776334114,0.2378622575156477,45223.12911450118,45517.380717412656,71.54084623944445,battery_after_repositioning
F000133,EVTOL_001,passenger,LYBE,BW,1,SYN2-165-A:P0001,45617.380717412656,45942.21653941266,5.4139303666666665,13.490879,68.14376725636797,37.04510010914575,31.098667147222223,0.47988568490399974,0.260880986684125,45426.9166820267,45504.91093882034,64.20853386194445,battery_after_repositioning
F000134,EVTOL_004,repositioning,JUG,DOR,0,,45387.65682884097,45538.13381484097,2.507949766666667,3.804277,52.75412699694466,32.068556999722446,20.685569997222224,0.37150793659820186,0.22583490844874962,,45327.65682884097,52.75412699694445,battery_at_origin
F000135,EVTOL_003,repositioning,BW,LYBE,0,,45392.544895412655,45717.380717412656,5.4139303666666665,13.490879,92.64241474198191,61.543747594759694,31.098667147222223,0.6524113714224078,0.43340667320253307,,45332.544895412655,64.20853386194445,battery_at_origin
F000136,EVTOL_004,passenger,DOR,LYBE,1,SYN2-290-D:P0001,46176.8560200706,46604.6562340706,7.130003566666668,19.211123,70.9727223919445,33.72479294472228,37.247929447222226,0.49980790416862325,0.2374985418642414,45975.681598155716,46116.8560200706,70.97272239194444,battery_after_repositioning
F000137,EVTOL_003,passenger,LYBE,LYBV,1,SYN2-057-A:P0001,46345.06674125814,46781.51492925814,7.274136466666667,19.691566,93.0399595558287,55.275553883606484,37.764405672222225,0.6552109827875261,0.3892644639690597,46285.06674125814,46090.06674125814,71.54084623944445,battery_after_repositioning
F000138,EVTOL_001,repositioning,BW,LYBE,0,,46512.398941044055,46837.234763044056,5.4139303666666665,13.490879,70.80878023150063,39.71011308427842,31.098667147222223,0.4986533819119763,0.27964868369210155,,46452.398941044055,64.20853386194445,battery_at_origin
F000139,EVTOL_002,repositioning,LYBV,BW,0,,46512.398941044055,46706.01130704406,3.226872766666667,6.200687,62.16919323957677,38.90748249235455,23.261710747222224,0.4378112199970195,0.27399635557996166,,46452.398941044055,55.58788182194445,battery_at_origin
F000140,EVTOL_002,passenger,BW,LYBE,2,SYN2-292-D:P0002|SYN2-367-D:P0001,47163.358658638586,47488.19448063859,5.4139303666666665,13.490879,64.20853386194429,33.109866714722074,31.098667147222223,0.452172773675664,0.23316807545578924,46976.01130704406,47103.358658638586,64.20853386194445,battery_after_repositioning
F000141,EVTOL_004,passenger,LYBE,BW,1,SYN2-059-A:P0001,47131.106112966896,47455.9419349669,5.4139303666666665,13.490879,64.20853386194446,33.109866714722244,31.098667147222223,0.4521727736756652,0.23316807545579046,46925.6562340706,47071.106112966896,64.20853386194445,battery_at_origin
F000142,EVTOL_003,passenger,LYBV,LYBE,1,SYN2-293-D:P0001,47162.51492925814,47598.96311725814,7.274136466666667,19.691566,74.71217525231506,36.947769580092846,37.764405672222225,0.5261420792416553,0.26019556042318903,47102.51492925814,47058.4230529845,71.54084623944445,battery_at_origin
F000143,EVTOL_001,passenger,LYBE,JUG,3,SYN2-064-A:P0001|SYN2-061-A:P0001|SYN2-064-A:P0002,47757.398941044055,48175.201253044055,6.963371866666667,18.655684,93.09903392721347,56.44820140499125,36.650832522222224,0.6556269994874188,0.3975225451055722,47697.398941044055,47352.398941044055,70.31591577444445,battery_after_repositioning
F000144,EVTOL_004,repositioning,BW,LYBV,0,,47875.648803063195,48069.2611690632,3.226872766666667,6.200687,55.58788182194463,32.3261710747224,23.261710747222224,0.3914639564925678,0.22764909207550987,,47815.648803063195,55.58788182194445,battery_at_origin
F000145,EVTOL_003,passenger,LYBE,EXPO,1,SYN2-166-A:P0001,48240.949399729936,48441.711797729935,3.3460399666666665,6.597911,75.85619039613944,52.16746384891722,23.688726547222224,0.5341985239164749,0.3673765059782903,48180.949399729936,47985.949399729936,56.05759920194445,battery_at_origin
F000146,EVTOL_004,passenger,LYBV,LYBE,2,SYN2-294-D:P0002|SYN2-292-D:P0001,48712.16106357468,49148.60925157468,7.274136466666667,19.691566,71.54084623944459,33.77644056722237,37.764405672222225,0.5038087763341168,0.23786225751565052,48345.83128931378,48652.16106357468,71.54084623944445,battery_after_repositioning
F000147,EVTOL_002,passenger,LYBE,DOR,2,SYN2-065-A:P0001|SYN2-067-A:P0001,48610.19448063859,49037.99469463859,7.130003566666668,19.211123,97.64639382396037,60.39846437673815,37.247929447222226,0.6876506607321152,0.42534129842773344,48550.19448063859,48280.19448063859,70.97272239194444,battery_at_origin
F000148,EVTOL_001,passenger,JUG,LYBE,1,SYN2-292-D:P0003,48790.80693957468,49208.60925157468,6.963371866666667,18.655684,89.3613124647346,52.71047994251238,36.650832522222224,0.6293050173572858,0.3712005629754393,48628.201253044055,48433.201253044055,70.31591577444445,battery_at_origin
F000149,EVTOL_003,passenger,EXPO,LYBE,1,SYN2-283-D:P0001,48822.711797729935,49023.474195729934,3.3460399666666665,6.597911,71.73721678268998,48.04849023546777,23.688726547222224,0.5051916674837322,0.33836964954554766,48762.711797729935,48567.711797729935,56.05759920194445,battery_at_origin
F000150,EVTOL_002,repositioning,DOR,JUG,0,,49473.103388764095,49623.5803747641,2.507949766666667,3.804277,82.53443885399048,61.84886885676826,20.685569997222224,0.5812284426337357,0.43555541448428353,,49413.103388764095,52.75412699694445,battery_at_origin
F000151,EVTOL_001,passenger,LYBE,JUG,1,SYN2-070-A:P0001,49722.73378520848,50140.53609720848,6.963371866666667,18.655684,81.13793310662878,44.48710058440656,36.650832522222224,0.571393895117104,0.3132894407352575,49662.73378520848,49503.34839600044,70.31591577444445,battery_at_origin
F000152,EVTOL_003,passenger,LYBE,BW,3,SYN2-071-A:P0001|SYN2-071-A:P0002|SYN2-071-A:P0003,50334.717631258754,50659.553453258755,5.4139303666666665,13.490879,108.59770003314128,77.49903288591906,31.098667147222223,0.764772535444657,0.5457678372247822,50274.717631258754,49929.717631258754,64.20853386194445,battery_at_origin
F000153,EVTOL_002,passenger,JUG,LYBE,2,SYN2-294-D:P0001|SYN2-298-D:P0001,50643.103388764095,51060.905700764095,6.963371866666667,18.655684,106.14399706057286,69.49316453835064,36.650832522222224,0.7474929370462877,0.4893884826644411,50583.103388764095,50313.103388764095,70.31591577444445,battery_after_repositioning
F000154,EVTOL_004,passenger,LYBE,EXPO,1,SYN2-169-A:P0001,50811.829556245764,51012.59195424576,3.3460399666666665,6.597911,111.63739843158484,87.94867188436262,23.688726547222224,0.7861788621942595,0.6193568442560748,50751.829556245764,50556.829556245764,56.05759920194445,battery_at_origin
F000155,EVTOL_003,repositioning,BW,EXPO,0,,50999.19857277814,51318.22221277814,5.317060666666666,13.16798,89.87299761516908,59.121446892946864,30.75155072222222,0.6329084339096415,0.41634821755596385,,50939.19857277814,63.82670579444444,battery_at_origin
F000156,EVTOL_004,repositioning,EXPO,LYBE,0,,51198.59195424576,51399.35435224576,3.3460399666666665,6.597911,91.14050152612684,67.45177497890462,23.688726547222224,0.6418345177896256,0.475012499851441,,51138.59195424576,56.05759920194445,battery_at_origin
F000157,EVTOL_003,passenger,EXPO,LYBE,1,SYN2-293-D:P0002,51597.1975900576,51797.9599880576,3.3460399666666665,6.597911,71.04458117071397,47.35585462349175,23.688726547222224,0.5003139519064363,0.3334919339682518,51537.1975900576,51342.1975900576,56.05759920194445,battery_after_repositioning
F000158,EVTOL_002,passenger,LYBE,BW,1,SYN2-072-A:P0002,51824.393226538516,52149.22904853852,5.4139303666666665,13.490879,101.903742415046,70.80507526782378,31.098667147222223,0.7176319888383521,0.4986272906184773,51764.393226538516,51569.393226538516,64.20853386194445,battery_at_origin
F000159,EVTOL_004,passenger,LYBE,DOR,1,SYN2-072-A:P0001,52094.19857277814,52521.998786778146,7.130003566666668,19.211123,98.75216120389899,61.504231756676774,37.247929447222226,0.6954377549570352,0.43312839265265335,52034.19857277814,51839.19857277814,70.97272239194444,battery_after_repositioning
F000160,EVTOL_001,repositioning,JUG,LYBV,0,,52392.95032084935,52679.52917684935,4.776314266666666,11.365492,121.2798142047786,92.46593808255639,28.81387612222222,0.8540831986252014,0.6511685780461718,,52332.95032084935,61.69526373444444,battery_at_origin
F000161,EVTOL_002,passenger,BW,LYBE,1,SYN2-294-D:P0003,52923.31080431563,53248.14662631563,5.4139303666666665,13.490879,102.74796153726798,71.64929439004577,31.098667147222223,0.7235771939244224,0.5045724957045477,52863.31080431563,52668.31080431563,64.20853386194445,battery_at_origin
F000162,EVTOL_001,passenger,LYBV,LYBE,2,SYN2-296-D:P0001|SYN2-317-D:P0001,53562.95032084935,53999.39850884935,7.274136466666667,19.691566,112.97426210881572,75.20985643659351,37.764405672222225,0.795593395132505,0.5296468763140388,53502.95032084935,53232.95032084935,71.54084623944445,battery_after_repositioning
F000163,EVTOL_004,passenger,DOR,LYBE,1,SYN2-295-D:P0001,53631.59829484935,54059.39850884935,7.130003566666668,19.211123,108.12179393982333,70.87386449260111,37.247929447222226,0.7614210840832629,0.4991117217788811,53524.450670075785,53329.450670075785,70.97272239194444,battery_at_origin
F000164,EVTOL_002,repositioning,LYBE,BW,0,,53594.60767194917,53919.44349394917,5.4139303666666665,13.490879,85.97090327987121,54.87223613264899,31.098667147222223,0.6054288963371212,0.38642419811724643,,53534.60767194917,64.20853386194445,battery_at_origin
F000165,EVTOL_002,passenger,BW,LYBE,2,SYN2-311-D:P0001|SYN2-299-D:P0001,54764.60767194917,55089.44349394917,5.4139303666666665,13.490879,98.13191320329943,67.03324605607722,31.098667147222223,0.6910698112908411,0.4720651130709663,54704.60767194917,54434.60767194917,64.20853386194445,battery_after_repositioning
F000166,EVTOL_001,repositioning,LYBE,DOR,0,,54630.54520991195,55058.34542391195,7.130003566666668,19.211123,100.19083467367969,62.94290522645747,37.247929447222226,0.7055692582653499,0.4432598959609681,,54570.54520991195,70.97272239194444,battery_at_origin
F000167,EVTOL_004,repositioning,LYBE,JUG,0,,55197.16277842079,55614.96509042079,6.963371866666667,18.655684,111.11095641032708,74.46012388810486,36.650832522222224,0.7824715240163879,0.5243670696345413,,55137.16277842079,70.31591577444445,battery_at_origin
F000168,EVTOL_001,passenger,DOR,LYBE,1,SYN2-326-D:P0002,55725.54520991195,56153.34542391195,7.130003566666668,19.211123,95.4610897015468,58.21316025432458,37.247929447222226,0.6722611950813154,0.40995183277693364,55665.54520991195,55470.54520991195,70.97272239194444,battery_after_repositioning
F000169,EVTOL_003,repositioning,LYBE,BW,0,,55716.94886362265,56041.78468562265,5.4139303666666665,13.490879,136.88807765910735,105.78941051188514,31.098667147222223,0.9640005468951222,0.7449958486752475,,55656.94886362265,64.20853386194445,battery_at_origin
F000170,EVTOL_004,passenger,JUG,LYBE,1,SYN2-307-D:P0001,56065.06865164083,56482.87096364083,6.963371866666667,18.655684,92.87611254783857,56.22528002561636,36.650832522222224,0.6540571306185815,0.3959526762367349,56005.06865164083,55810.06865164083,70.31591577444445,battery_after_repositioning
F000171,EVTOL_002,passenger,LYBE,LYBV,1,SYN2-075-A:P0001,56292.16277842079,56728.61096642079,7.274136466666667,19.691566,111.3486171253531,73.58421145313089,37.764405672222225,0.7841451910236134,0.5181986722051471,56232.16277842079,56037.16277842079,71.54084623944445,battery_at_origin
F000172,EVTOL_003,passenger,BW,LYBE,1,SYN2-324-D:P0001,56896.78468562265,57221.620507622654,5.4139303666666665,13.490879,117.87576947081189,86.77710232358967,31.098667147222223,0.8301110526113513,0.6111063543914765,56836.78468562265,56641.78468562265,64.20853386194445,battery_after_repositioning
F000173,EVTOL_002,repositioning,LYBV,JUG,0,,56914.61096642079,57201.18982242079,4.776314266666666,11.365492,78.07365864093448,49.259782518712264,28.81387612222222,0.5498144974713696,0.34689987689233986,,56854.61096642079,61.69526373444444,battery_at_origin
F000174,EVTOL_001,repositioning,LYBE,DOR,0,,56939.34542391195,57367.145637911955,7.130003566666668,19.211123,97.598931714272,60.35100226704978,37.247929447222226,0.6873164205230422,0.4250070582186604,,56879.34542391195,70.97272239194444,battery_at_origin
F000175,EVTOL_002,passenger,JUG,LYBE,1,SYN2-320-D:P0001,57601.938265830555,58019.740577830555,6.963371866666667,18.655684,70.31591577444458,33.66508325222236,36.650832522222224,0.495182505453835,0.23707805107198845,57396.18982242079,57541.938265830555,70.31591577444445,battery_after_repositioning
F000176,EVTOL_001,passenger,DOR,LYBE,1,SYN2-372-D:P0001,57856.83566003866,58284.635874038664,7.130003566666668,19.211123,85.56897831270192,48.321048865479696,37.247929447222226,0.6025984388218445,0.34028907651746265,57796.83566003866,57601.83566003866,70.97272239194444,battery_after_repositioning
F000177,EVTOL_003,passenger,LYBE,JUG,1,SYN2-076-A:P0001,58340.535821232574,58758.33813323257,6.963371866666667,18.655684,114.61319343858037,77.96236091635815,36.650832522222224,0.8071351650604252,0.5490307106785786,58280.535821232574,58085.535821232574,70.31591577444445,battery_at_origin
F000178,EVTOL_004,passenger,LYBE,EXPO,1,SYN2-079-A:P0001,58534.685620665274,58735.44801866527,3.3460399666666665,6.597911,120.76346966817177,97.07474312094955,23.688726547222224,0.8504469694941673,0.6836249515559827,58474.685620665274,58279.685620665274,56.05759920194445,battery_at_origin
F000179,EVTOL_001,passenger,LYBE,DOR,1,SYN2-077-A:P0001,58845.476823897545,59273.27703789755,7.130003566666668,19.211123,80.41789692413377,43.16996747691155,37.247929447222226,0.5663232177755899,0.3040138554712081,58785.476823897545,58646.65818772486,70.97272239194444,battery_at_origin
F000180,EVTOL_003,passenger,JUG,LYBE,1,SYN2-325-D:P0001,59139.33813323257,59557.14044523257,6.963371866666667,18.655684,92.11595662346666,55.46512410124444,36.650832522222224,0.648703919883568,0.3905994655017214,59079.33813323257,58884.33813323257,70.31591577444445,battery_at_origin
F000181,EVTOL_004,passenger,EXPO,LYBE,1,SYN2-326-D:P0001,59850.20508892976,60050.96748692976,3.3460399666666665,6.597911,117.59627285612845,93.90754630890623,23.688726547222224,0.8281427665924539,0.6613207486542693,59790.20508892976,59595.20508892976,56.05759920194445,battery_at_origin
F000182,EVTOL_001,repositioning,DOR,BW,0,,59764.84153021605,59949.80592221605,3.0827398666666666,5.720244,71.03729109514691,48.29205657292469,22.745234522222226,0.500262613346105,0.34008490544313164,,59704.84153021605,55.01975797444445,battery_at_origin
F000183,EVTOL_004,repositioning,LYBE,JUG,0,,60236.96748692976,60654.76979892976,6.963371866666667,18.655684,96.56107936480488,59.910246842582666,36.650832522222224,0.6800076011605978,0.4219031467787512,,60176.96748692976,70.31591577444445,battery_at_origin
F000184,EVTOL_002,passenger,LYBE,BW,3,SYN2-082-A:P0001|SYN2-082-A:P0002|SYN2-084-A:P0001,60978.2126213696,61303.048443369604,5.4139303666666665,13.490879,127.30588091827556,96.20721377105335,31.098667147222223,0.8965202881568701,0.6775155899369955,60918.2126213696,60573.2126213696,64.20853386194445,battery_at_origin
F000185,EVTOL_003,passenger,LYBE,JUG,1,SYN2-171-A:P0001,60855.128498326376,61272.930810326376,6.963371866666667,18.655684,110.29515349724514,73.64432097502292,36.650832522222224,0.7767264330791911,0.5186219786973445,60795.128498326376,60600.128498326376,70.31591577444445,battery_at_origin
F000186,EVTOL_001,passenger,BW,LYBE,2,SYN2-322-D:P0001|SYN2-328-D:P0001,60934.84153021605,61259.67735221605,5.4139303666666665,13.490879,99.9442664375484,68.84559929032618,31.098667147222223,0.7038328622362563,0.4848281640163815,60874.84153021605,60604.84153021605,64.20853386194445,battery_after_repositioning
F000187,EVTOL_004,passenger,JUG,LYBE,1,SYN2-326-D:P0003,61329.16953541504,61746.97184741504,6.963371866666667,18.655684,94.10254047966771,57.45170795744549,36.650832522222224,0.6626939470399135,0.4045894926580669,61269.16953541504,61074.16953541504,70.31591577444445,battery_after_repositioning
F000188,EVTOL_003,repositioning,JUG,LYBE,0,,61458.930810326376,61876.733122326375,6.963371866666667,18.655684,78.12833815237367,41.477505630151455,36.650832522222224,0.5501995644533357,0.29209511007148914,,61398.930810326376,70.31591577444445,battery_at_origin
F000189,EVTOL_001,passenger,LYBE,EXPO,2,SYN2-174-A:P0001|SYN2-096-A:P0001,61876.733122326375,62077.495520326374,3.3460399666666665,6.597911,96.57782385037594,72.88909730315372,23.688726547222224,0.6801255200730699,0.5133035021348853,61721.67735221605,61451.67735221605,56.05759920194445,battery_at_origin
F000190,EVTOL_002,repositioning,BW,LYBE,0,,61651.897300326375,61976.733122326375,5.4139303666666665,13.490879,103.78395428016047,72.68528713293826,31.098667147222223,0.7308729174659189,0.5118682192460441,,61591.897300326375,64.20853386194445,battery_at_origin
F000191,EVTOL_004,passenger,LYBE,BW,3,SYN2-089-A:P0001|SYN2-086-A:P0001|SYN2-100-A:P0001,62277.97184741504,62602.807669415044,5.4139303666666665,13.490879,85.71221861332485,54.613551466102635,31.098667147222223,0.6036071733332736,0.38460247511339885,62217.97184741504,61897.06285947503,64.20853386194445,battery_at_origin
F000192,EVTOL_003,passenger,LYBE,JUG,4,SYN2-102-A:P0001|SYN2-087-A:P0001|SYN2-086-A:P0002|SYN2-086-A:P0003,62381.245257583614,62799.047569583614,6.963371866666667,18.655684,70.31591577444436,33.665083252222146,36.650832522222224,0.4951825054538335,0.23707805107198696,62296.733122326375,62321.245257583614,70.31591577444445,battery_after_repositioning
F000193,EVTOL_002,passenger,LYBE,DOR,2,SYN2-100-A:P0002|SYN2-105-A:P0001,62317.97184741504,62745.772061415046,7.130003566666668,19.211123,86.44459851659701,49.19666906937479,37.247929447222226,0.6087647782858945,0.34645541598151264,62246.733122326375,61976.733122326375,70.97272239194444,battery_after_repositioning
F000194,EVTOL_001,repositioning,EXPO,LYBE,0,,62329.495520326374,62530.25791832637,3.3460399666666665,6.597911,81.58235042160936,57.893623874387146,23.688726547222224,0.5745235945183758,0.4077015765801912,,62269.495520326374,56.05759920194445,battery_at_origin
F000195,EVTOL_004,repositioning,BW,LYBE,0,,62920.807669415044,63245.643491415045,5.4139303666666665,13.490879,69.46355146610263,38.364884318880414,31.098667147222223,0.4891799399021312,0.27017524168225643,,62860.807669415044,64.20853386194445,battery_at_origin
F000196,EVTOL_001,passenger,LYBE,JUG,1,SYN2-176-A:P0002,63245.643491415045,63663.445803415045,6.963371866666667,18.655684,94.68671701366156,58.03588449143935,36.650832522222224,0.6668078662933913,0.4087034119115447,63104.42043246459,62909.42043246459,70.31591577444445,battery_after_repositioning
F000197,EVTOL_002,repositioning,DOR,LYBE,0,,63156.11943904931,63583.91965304931,7.130003566666668,19.211123,70.97272239194469,33.724792944722466,37.247929447222226,0.49980790416862453,0.2374985418642427,,63096.11943904931,70.97272239194444,battery_at_origin
F000198,EVTOL_004,passenger,LYBE,EXPO,1,SYN2-176-A:P0001,63601.546356522565,63802.308754522564,3.3460399666666665,6.597911,56.05759920194445,32.368872654722225,23.688726547222224,0.39477182536580596,0.2279498074276213,63440.643491415045,63541.546356522565,56.05759920194445,battery_after_repositioning
F000199,EVTOL_003,repositioning,JUG,LYBE,0,,63456.82939581135,63874.63170781135,6.963371866666667,18.655684,73.91434254521187,37.26351002298965,36.650832522222224,0.5205235390507877,0.2624190846689412,,63396.82939581135,70.31591577444445,battery_at_origin
F000200,EVTOL_002,passenger,LYBE,LYBV,1,SYN2-104-A:P0001,64208.17125596079,64644.61944396079,7.274136466666667,19.691566,71.54084623944449,33.776440567222274,37.764405672222225,0.5038087763341161,0.23786225751564982,63778.91965304931,64148.17125596079,71.54084623944445,battery_after_repositioning
F000201,EVTOL_001,repositioning,JUG,BW,0,,63900.597772732996,64075.564262732994,2.916108166666667,5.164805,66.82228219028565,44.67414459306343,22.148137597222224,0.4705794520442651,0.314606652063827,,63840.597772732996,54.36295135694445,battery_at_origin
F000202,EVTOL_003,passenger,LYBE,JUG,1,SYN2-108-A:P0001,64551.82939581135,64969.63170781135,6.963371866666667,18.655684,78.46373842889321,41.81290590667099,36.650832522222224,0.5525615382316423,0.2944570838497957,64491.82939581135,64375.33045116408,70.31591577444445,battery_after_repositioning
F000203,EVTOL_004,repositioning,EXPO,LYBE,0,,64588.308754522564,64789.07115252256,3.3460399666666665,6.597911,81.17745547783258,57.488728930610364,23.688726547222224,0.5716722216748773,0.4048502037366927,,64528.308754522564,56.05759920194445,battery_at_origin
F000204,EVTOL_001,passenger,BW,LYBE,3,SYN2-376-D:P0001|SYN2-334-D:P0001|SYN2-376-D:P0002,65145.597772732996,65470.433594733,5.4139303666666665,13.490879,101.14302063417324,70.04435348695102,31.098667147222223,0.7122747931984031,0.49327009497852836,65085.597772732996,64740.597772732996,64.20853386194445,battery_after_repositioning
F000205,EVTOL_004,passenger,LYBE,DOR,1,SYN2-109-A:P0001,65088.85773200702,65516.65794600702,7.130003566666668,19.211123,70.97272239194447,33.72479294472225,37.247929447222226,0.49980790416862303,0.2374985418642412,64995.42907591023,65028.85773200702,70.97272239194444,battery_after_repositioning
F000206,EVTOL_002,repositioning,LYBV,JUG,0,,65137.44055487143,65424.01941087143,4.776314266666666,11.365492,61.73802388551984,32.92414776329762,28.81387612222222,0.4347748160952101,0.23186019551618042,,65077.44055487143,61.69526373444444,battery_at_origin
F000207,EVTOL_003,repositioning,JUG,BW,0,,65256.96564714833,65431.93213714833,2.916108166666667,5.164805,54.36295135694468,32.21481375972246,22.148137597222224,0.3828376856122865,0.2268648856318483,,65196.96564714833,54.36295135694445,battery_at_origin
F000208,EVTOL_003,passenger,BW,LYBE,2,SYN2-334-D:P0002|SYN2-330-D:P0001,66216.25333283003,66541.08915483003,5.4139303666666665,13.490879,80.95138177683438,49.852714629612166,31.098667147222223,0.5700801533579886,0.35107545513811383,66156.25333283003,65918.51507184462,64.20853386194445,battery_after_repositioning
F000209,EVTOL_002,passenger,JUG,LYBE,1,SYN2-333-D:P0001,66232.44055487143,66650.24286687143,6.963371866666667,18.655684,82.94088433828388,46.29005181606166,36.650832522222224,0.5840907347766471,0.32598628039480043,66172.44055487143,65982.57631768672,70.31591577444445,battery_after_repositioning
F000210,EVTOL_004,repositioning,DOR,EXPO,0,,66128.20596440331,66550.19399640331,7.033133866666666,18.888224,70.59089432444428,33.69008130222206,36.90081302222222,0.4971189741158048,0.23725409367762015,,66068.20596440331,70.59089432444445,battery_at_origin
F000211,EVTOL_001,passenger,LYBE,LYBV,1,SYN2-112-A:P0001,66926.8891485285,67363.3373365285,7.274136466666667,19.691566,115.61342586905096,77.84902019682873,37.764405672222225,0.8141790554158518,0.5482325365973855,66866.8891485285,66671.8891485285,71.54084623944445,battery_at_origin
F000212,EVTOL_004,passenger,EXPO,LYBE,1,SYN2-377-D:P0003,67105.63750773614,67306.39990573615,3.3460399666666665,6.597911,66.34834465218479,42.659618104962576,23.688726547222224,0.4672418637477802,0.3004198458095956,67045.63750773614,66908.42756839961,56.05759920194445,battery_after_repositioning
F000213,EVTOL_002,repositioning,LYBE,JUG,0,,67090.58771964986,67508.39003164986,6.963371866666667,18.655684,70.31591577444428,33.66508325222206,36.650832522222224,0.49518250545383297,0.23707805107198635,,67030.58771964986,70.31591577444445,battery_at_origin
F000214,EVTOL_002,passenger,JUG,LYBE,2,SYN2-377-D:P0002|SYN2-377-D:P0001,68117.06779861283,68534.87011061283,6.963371866666667,18.655684,70.31591577444453,33.66508325222232,36.650832522222224,0.49518250545383474,0.23707805107198815,67778.39003164986,68057.06779861283,70.31591577444445,battery_after_repositioning
F000215,EVTOL_001,repositioning,LYBV,LYBE,0,,67730.04203947812,68166.49022747812,7.274136466666667,19.691566,91.39067913402042,53.6262734617982,37.764405672222225,0.6435963319297212,0.37764981311125495,,67670.04203947812,71.54084623944445,battery_at_origin
F000216,EVTOL_003,passenger,LYBE,JUG,1,SYN2-113-A:P0002,68259.55546005254,68677.35777205254,6.963371866666667,18.655684,115.51743045264277,78.86659793042055,36.650832522222224,0.8135030313566393,0.5553985769747927,68199.55546005254,68004.55546005254,70.31591577444445,battery_at_origin
F000217,EVTOL_004,passenger,LYBE,BW,1,SYN2-178-A:P0001,68534.87011061283,68859.70593261282,5.4139303666666665,13.490879,104.95104955120448,73.85238240398226,31.098667147222223,0.7390918982479189,0.5200872000280441,68474.63169645432,68279.63169645432,64.20853386194445,battery_at_origin
F000218,EVTOL_001,passenger,LYBE,EXPO,1,SYN2-113-A:P0001,68825.04203947812,69025.80443747813,3.3460399666666665,6.597911,89.61921908968097,65.93049254245875,23.688726547222224,0.6311212611949364,0.46429924325675176,68765.04203947812,68570.04203947812,56.05759920194445,battery_after_repositioning
F000219,EVTOL_003,passenger,JUG,LYBE,1,SYN2-337-D:P0001,70415.67728270302,70833.47959470302,6.963371866666667,18.655684,120.73013730834775,84.07930478612553,36.650832522222224,0.8502122345658292,0.5921077801839826,70355.67728270302,70160.67728270302,70.31591577444445,battery_at_origin
F000220,EVTOL_002,passenger,LYBE,BW,1,SYN2-116-A:P0001,72459.6394808475,72784.4753028475,5.4139303666666665,13.490879,135.60800989479245,104.50934274757023,31.098667147222223,0.9549859851745947,0.73598128695472,72399.6394808475,72204.6394808475,64.20853386194445,battery_at_origin
F000221,EVTOL_003,passenger,LYBE,LYBV,1,SYN2-118-A:P0001,74429.43603007599,74865.88421807598,7.274136466666667,19.691566,138.21142671900898,100.44702104678676,37.764405672222225,0.9733199064718943,0.7073733876534278,74369.43603007599,74174.43603007599,71.54084623944445,battery_at_origin
F000222,EVTOL_002,repositioning,BW,DOR,0,,74914.73146226152,75099.69585426152,3.0827398666666666,5.720244,130.88554642724444,108.14031190502222,22.745234522222226,0.9217292001918622,0.7615514922888889,,74854.73146226152,55.01975797444445,battery_at_origin
F000223,EVTOL_002,passenger,DOR,LYBE,2,SYN2-340-D:P0001|SYN2-341-D:P0001,76084.73146226152,76512.53167626153,7.130003566666668,19.211123,120.69337651790956,83.44544707068734,37.247929447222226,0.8499533557599265,0.5876439934555446,76024.73146226152,75754.73146226152,70.97272239194444,battery_after_repositioning
F000224,EVTOL_002,passenger,LYBE,BW,2,SYN2-180-A:P0001|SYN2-121-A:P0001,77479.57152745148,77804.40734945147,5.4139303666666665,13.490879,111.46322933972615,80.36456219250394,31.098667147222223,0.7849523192938461,0.5659476210739715,77419.57152745148,77149.57152745148,64.20853386194445,battery_at_origin
F000225,EVTOL_001,repositioning,EXPO,LYBE,0,,77249.21813117022,77449.98052917022,3.3460399666666665,6.597911,141.99999999999997,118.31127345277774,23.688726547222224,0.9999999999999998,0.833177982061815,,77189.21813117022,56.05759920194445,battery_at_origin
F000226,EVTOL_004,repositioning,BW,LYBE,0,,77485.55008378945,77810.38590578944,5.4139303666666665,13.490879,142.0,110.90133285277777,31.098667147222223,1.0,0.7809953017801251,,77425.55008378945,64.20853386194445,battery_at_origin
F000227,EVTOL_001,passenger,LYBE,BW,2,SYN2-121-A:P0003|SYN2-122-A:P0001,78419.21813117022,78744.05395317021,5.4139303666666665,13.490879,127.71232291759112,96.61365577036891,31.098667147222223,0.899382555757684,0.6803778575378092,78359.21813117022,78089.21813117022,64.20853386194445,battery_after_repositioning
F000228,EVTOL_004,passenger,LYBE,DOR,1,SYN2-121-A:P0002,78580.55008378945,79008.35029778945,7.130003566666668,19.211123,119.80361864620764,82.55568919898542,37.247929447222226,0.8436874552549833,0.5813780929506015,78520.55008378945,78325.55008378945,70.97272239194444,battery_after_repositioning
F000229,EVTOL_001,repositioning,BW,LYBE,0,,81297.43878912872,81622.27461112871,5.4139303666666665,13.490879,132.4179676115139,101.31930046429167,31.098667147222223,0.932520898672633,0.7135162004527582,,81237.43878912872,64.20853386194445,battery_at_origin
F000230,EVTOL_002,repositioning,BW,LYBE,0,,81399.92441574708,81724.76023774708,5.4139303666666665,13.490879,137.78375491788802,106.6850877706658,31.098667147222223,0.9703081332245636,0.7513034350046888,,81339.92441574708,64.20853386194445,battery_at_origin
F000231,EVTOL_004,repositioning,DOR,LYBE,0,,81427.6608474296,81855.4610614296,7.130003566666668,19.211123,128.59062592181405,91.34269647459183,37.247929447222226,0.9055677881817891,0.6432584258774072,,81367.6608474296,70.97272239194444,battery_at_origin
F000232,EVTOL_001,passenger,LYBE,BW,1,SYN2-182-A:P0001,82392.43878912872,82717.27461112871,5.4139303666666665,13.490879,114.68712262828441,83.5884554810622,31.098667147222223,0.8076557931569325,0.5886510949370577,82332.43878912872,82137.43878912872,64.20853386194445,battery_after_repositioning
F000233,EVTOL_002,passenger,LYBE,DOR,2,SYN2-125-A:P0001|SYN2-127-A:P0001,82569.92441574708,82997.72462974708,7.130003566666668,19.211123,118.21309161054582,80.9651621633236,37.247929447222226,0.8324865606376466,0.5701771983332647,82509.92441574708,82239.92441574708,70.97272239194444,battery_after_repositioning
F000234,EVTOL_004,passenger,LYBE,LYBV,1,SYN2-126-A:P0001,82522.6608474296,82959.10903542959,7.274136466666667,19.691566,108.71340906375042,70.9490033915282,37.764405672222225,0.7655873877728903,0.4996408689544239,82462.6608474296,82267.6608474296,71.54084623944445,battery_after_repositioning
F000235,EVTOL_003,repositioning,LYBV,LYBE,0,,82402.44907025978,82838.89725825978,7.274136466666667,19.691566,142.0,104.23559432777778,37.764405672222225,1.0,0.7340534811815337,,82342.44907025978,71.54084623944445,battery_at_origin
F000236,EVTOL_001,repositioning,BW,LYBE,0,,82903.27461112871,83228.1104331287,5.4139303666666665,13.490879,87.17416648972758,56.07549934250537,31.098667147222223,0.6139025809135745,0.39489788269369974,,82843.27461112871,64.20853386194445,battery_at_origin
F000237,EVTOL_002,repositioning,DOR,LYBE,0,,83249.72462974708,83677.52484374709,7.130003566666668,19.211123,88.26521255713243,51.01728310991021,37.247929447222226,0.6215860039234679,0.35927664161908596,,83189.72462974708,70.97272239194444,battery_at_origin
F000238,EVTOL_001,passenger,LYBE,DOR,3,SYN2-130-A:P0001|SYN2-184-A:P0001|SYN2-134-A:P0001,83677.52484374709,84105.32505774709,7.130003566666668,19.211123,79.92103917578761,42.67310972856539,37.247929447222226,0.5628242195478,0.30051485724341825,83575.3208607202,83486.74007378789,70.97272239194444,battery_after_repositioning
F000239,EVTOL_003,passenger,LYBE,JUG,1,SYN2-132-A:P0001,83497.44907025978,83915.25138225978,6.963371866666667,18.655684,114.51992577854526,77.86909325632304,36.650832522222224,0.8064783505531357,0.5483738961712891,83437.44907025978,83242.44907025978,70.31591577444445,battery_after_repositioning
F000240,EVTOL_002,passenger,LYBE,BW,1,SYN2-135-A:P0001,83982.47458733906,84307.31040933906,5.4139303666666665,13.490879,64.88851387930845,33.78984673208623,31.098667147222223,0.4569613653472426,0.23795666712736782,83922.47458733906,83913.40818710755,64.20853386194445,battery_after_repositioning
F000241,EVTOL_003,repositioning,JUG,LYBE,0,,84199.30049713698,84617.10280913698,6.963371866666667,18.655684,87.39182694065973,50.74099441843751,36.650832522222224,0.6154354009905615,0.35733094660871484,,84139.30049713698,70.31591577444445,battery_at_origin
F000242,EVTOL_002,repositioning,BW,LYBE,0,,84832.89290440384,85157.72872640383,5.4139303666666665,13.490879,64.20853386194474,33.10986671472253,31.098667147222223,0.4521727736756672,0.23316807545579246,,84772.89290440384,64.20853386194445,battery_at_origin
F000243,EVTOL_003,passenger,LYBE,BW,2,SYN2-139-A:P0001|SYN2-142-A:P0002,85369.30049713698,85694.13631913697,5.4139303666666665,13.490879,92.18093131056577,61.08226416334355,31.098667147222223,0.6491614881025758,0.43015678988270106,85309.30049713698,85039.30049713698,64.20853386194445,battery_after_repositioning
F000244,EVTOL_001,repositioning,DOR,LYBE,0,,85170.65327470153,85598.45348870153,7.130003566666668,19.211123,100.12346546736502,62.8755360201428,37.247929447222226,0.705094827234965,0.44278546493058313,,85110.65327470153,70.97272239194444,battery_at_origin
F000245,EVTOL_002,passenger,LYBE,JUG,2,SYN2-137-A:P0001|SYN2-145-A:P0001,85773.80938053345,86191.61169253345,6.963371866666667,18.655684,70.31591577444394,33.66508325222172,36.650832522222224,0.4951825054538305,0.23707805107198393,85483.62056683555,85713.80938053345,70.31591577444445,battery_after_repositioning
F000246,EVTOL_004,repositioning,LYBV,LYBE,0,,85641.8708378132,86078.3190258132,7.274136466666667,19.691566,129.42111262025796,91.65670694803573,37.764405672222225,0.9114162860581546,0.6454697672396883,,85581.8708378132,71.54084623944445,battery_at_origin
F000247,EVTOL_003,repositioning,BW,LYBE,0,,85946.13631913697,86270.97214113697,5.4139303666666665,13.490879,70.98226416334356,39.88359701612134,31.098667147222223,0.49987509974185607,0.2808704015219813,,85886.13631913697,64.20853386194445,battery_at_origin
F000248,EVTOL_001,passenger,LYBE,LYBV,2,SYN2-142-A:P0001|SYN2-188-A:P0002,86528.45348870153,86964.90167670153,7.274136466666667,19.691566,104.17444411018074,66.41003843795853,37.764405672222225,0.7336228458463433,0.467676327027877,86468.45348870153,86198.45348870153,71.54084623944445,battery_after_repositioning
F000249,EVTOL_003,passenger,LYBE,JUG,2,SYN2-147-A:P0001|SYN2-188-A:P0003,86796.73639124795,87214.53870324795,6.963371866666667,18.655684,70.31591577444487,33.66508325222266,36.650832522222224,0.49518250545383713,0.23707805107199054,86579.0433316314,86736.73639124795,70.31591577444445,battery_after_repositioning
F000250,EVTOL_004,passenger,LYBE,BW,2,SYN2-188-A:P0001|SYN2-148-A:P0001,87128.45348870153,87453.28931070153,5.4139303666666665,13.490879,115.03591808454235,83.93725093732013,31.098667147222223,0.810112099186918,0.5911074009670432,87068.45348870153,86798.45348870153,64.20853386194445,battery_after_repositioning
F000251,EVTOL_002,repositioning,JUG,LYBE,0,,87058.12324706969,87475.92555906968,6.963371866666667,18.655684,86.68862991800088,50.03779739577867,36.650832522222224,0.6104833092816964,0.35237885489984977,,86998.12324706969,70.31591577444445,battery_at_origin
F000252,EVTOL_001,repositioning,LYBV,LYBE,0,,87216.90167670153,87653.34986470152,7.274136466666667,19.691566,76.04928178811963,38.28487611589741,37.764405672222225,0.5355583224515467,0.26961180363308035,,87156.90167670153,71.54084623944445,battery_at_origin
F000253,EVTOL_004,repositioning,BW,LYBE,0,,87705.28931070153,88030.12513270152,5.4139303666666665,13.490879,90.72458601128974,59.62591886406753,31.098667147222223,0.6389055352907729,0.4199008370708981,,87645.28931070153,64.20853386194445,battery_at_origin
F000254,EVTOL_001,passenger,LYBE,LYBV,2,SYN2-152-A:P0002|SYN2-152-A:P0003,88216.800358664,88653.24854666399,7.274136466666667,19.691566,71.54084623944422,33.776440567222004,37.764405672222225,0.5038087763341142,0.2378622575156479,87923.34986470152,88156.800358664,71.54084623944445,battery_after_repositioning
F000255,EVTOL_002,passenger,LYBE,JUG,1,SYN2-151-A:P0001,88330.92555906968,88748.72787106968,6.963371866666667,18.655684,96.08192246617025,59.43108994394804,36.650832522222224,0.6766332568040159,0.4185288024221693,88270.92555906968,88075.92555906968,70.31591577444445,battery_after_repositioning
F000256,EVTOL_004,passenger,LYBE,BW,1,SYN2-152-A:P0001,88658.26945012911,88983.1052721291,5.4139303666666665,13.490879,91.93063233287052,60.8319651856483,31.098667147222223,0.647398819245567,0.42839412102569224,88598.26945012911,88403.26945012911,64.20853386194445,battery_after_repositioning
