Репликација (индекс);Временски интервал;Аеродром → град;Град → аеродром;Укупно
0;30.07. 20:00–21:00;0;0;0
1;30.07. 20:00–21:00;0;0;0
2;30.07. 20:00–21:00;0;0;0
3;30.07. 20:00–21:00;0;0;0
4;30.07. 20:00–21:00;0;0;0
5;30.07. 20:00–21:00;0;0;0
6;30.07. 20:00–21:00;0;0;0
7;30.07. 20:00–21:00;0;0;0
8;30.07. 20:00–21:00;0;0;0
9;30.07. 20:00–21:00;0;0;0
10;30.07. 20:00–21:00;0;0;0
11;30.07. 20:00–21:00;0;0;0
12;30.07. 20:00–21:00;0;0;0
13;30.07. 20:00–21:00;0;0;0
14;30.07. 20:00–21:00;0;0;0
15;30.07. 20:00–21:00;0;0;0
16;30.07. 20:00–21:00;0;0;0
17;30.07. 20:00–21:00;0;0;0
18;30.07. 20:00–21:00;0;0;0
19;30.07. 20:00–21:00;0;0;0
20;30.07. 20:00–21:00;0;0;0
21;30.07. 20:00–21:00;0;0;0
22;30.07. 20:00–21:00;0;0;0
23;30.07. 20:00–21:00;0;0;0
24;30.07. 20:00–21:00;0;1;1
25;30.07. 20:00–21:00;0;1;1
26;30.07. 20:00–21:00;0;0;0
27;30.07. 20:00–21:00;0;0;0
28;30.07. 20:00–21:00;0;0;0
29;30.07. 20:00–21:00;0;0;0
30;30.07. 20:00–21:00;0;0;0
31;30.07. 20:00–21:00;0;1;1
32;30.07. 20:00–21:00;0;0;0
33;30.07. 20:00–21:00;0;0;0
34;30.07. 20:00–21:00;0;0;0
35;30.07. 20:00–21:00;0;1;1
36;30.07. 20:00–21:00;0;0;0
37;30.07. 20:00–21:00;0;0;0
38;30.07. 20:00–21:00;0;0;0
39;30.07. 20:00–21:00;0;0;0
40;30.07. 20:00–21:00;0;0;0
41;30.07. 20:00–21:00;0;0;0
42;30.07. 20:00–21:00;0;0;0
43;30.07. 20:00–21:00;0;0;0
44;30.07. 20:00–21:00;0;0;0
45;30.07. 20:00–21:00;0;1;1
46;30.07. 20:00–21:00;0;0;0
47;30.07. 20:00–21:00;0;0;0
48;30.07. 20:00–21:00;0;0;0
49;30.07. 20:00–21:00;0;1;1
50;30.07. 20:00–21:00;0;0;0
51;30.07. 20:00–21:00;0;1;1
52;30.07. 20:00–21:00;0;1;1
53;30.07. 20:00–21:00;0;0;0
54;30.07. 20:00–21:00;0;0;0
55;30.07. 20:00–21:00;0;0;0
56;30.07. 20:00–21:00;0;0;0
57;30.07. 20:00–21:00;0;0;0
58;30.07. 20:00–21:00;0;0;0
59;30.07. 20:00–21:00;0;0;0
60;30.07. 20:00–21:00;0;0;0
61;30.07. 20:00–21:00;0;2;2
62;30.07. 20:00–21:00;0;0;0
63;30.07. 20:00–21:00;0;0;0
64;30.07. 20:00–21:00;0;0;0
65;30.07. 20:00–21:00;0;0;0
66;30.07. 20:00–21:00;0;0;0
67;30.07. 20:00–21:00;0;0;0
68;30.07. 20:00–21:00;0;0;0
69;30.07. 20:00–21:00;0;0;0
70;30.07. 20:00–21:00;0;0;0
71;30.07. 20:00–21:00;0;0;0
72;30.07. 20:00–21:00;0;1;1
73;30.07. 20:00–21:00;0;0;0
74;30.07. 20:00–21:00;0;1;1
75;30.07. 20:00–21:00;0;0;0
76;30.07. 20:00–21:00;0;0;0
77;30.07. 20:00–21:00;0;0;0
78;30.07. 20:00–21:00;0;0;0
79;30.07. 20:00–21:00;0;0;0
80;30.07. 20:00–21:00;0;0;0
81;30.07. 20:00–21:00;0;0;0
82;30.07. 20:00–21:00;0;0;0
83;30.07. 20:00–21:00;0;0;0
84;30.07. 20:00–21:00;0;0;0
85;30.07. 20:00–21:00;0;1;1
86;30.07. 20:00–21:00;0;0;0
87;30.07. 20:00–21:00;0;0;0
88;30.07. 20:00–21:00;0;0;0
89;30.07. 20:00–21:00;0;0;0
90;30.07. 20:00–21:00;0;0;0
91;30.07. 20:00–21:00;0;0;0
92;30.07. 20:00–21:00;0;0;0
93;30.07. 20:00–21:00;0;0;0
94;30.07. 20:00–21:00;0;0;0
95;30.07. 20:00–21:00;0;0;0
96;30.07. 20:00–21:00;0;0;0
97;30.07. 20:00–21:00;0;0;0
98;30.07. 20:00–21:00;0;1;1
99;30.07. 20:00–21:00;0;0;0
0;30.07. 21:00–22:00;0;3;3
1;30.07. 21:00–22:00;0;2;2
2;30.07. 21:00–22:00;0;3;3
3;30.07. 21:00–22:00;0;6;6
4;30.07. 21:00–22:00;0;0;0
5;30.07. 21:00–22:00;0;2;2
6;30.07. 21:00–22:00;0;7;7
7;30.07. 21:00–22:00;0;1;1
8;30.07. 21:00–22:00;0;0;0
9;30.07. 21:00–22:00;0;1;1
10;30.07. 21:00–22:00;0;2;2
11;30.07. 21:00–22:00;0;2;2
12;30.07. 21:00–22:00;0;2;2
13;30.07. 21:00–22:00;0;1;1
14;30.07. 21:00–22:00;0;1;1
15;30.07. 21:00–22:00;0;1;1
16;30.07. 21:00–22:00;0;3;3
17;30.07. 21:00–22:00;0;3;3
18;30.07. 21:00–22:00;0;1;1
19;30.07. 21:00–22:00;0;2;2
20;30.07. 21:00–22:00;0;0;0
21;30.07. 21:00–22:00;0;5;5
22;30.07. 21:00–22:00;0;1;1
23;30.07. 21:00–22:00;0;3;3
24;30.07. 21:00–22:00;0;3;3
25;30.07. 21:00–22:00;0;5;5
26;30.07. 21:00–22:00;0;0;0
27;30.07. 21:00–22:00;0;0;0
28;30.07. 21:00–22:00;0;3;3
29;30.07. 21:00–22:00;0;4;4
30;30.07. 21:00–22:00;0;2;2
31;30.07. 21:00–22:00;0;2;2
32;30.07. 21:00–22:00;0;0;0
33;30.07. 21:00–22:00;0;1;1
34;30.07. 21:00–22:00;0;3;3
35;30.07. 21:00–22:00;0;1;1
36;30.07. 21:00–22:00;0;2;2
37;30.07. 21:00–22:00;0;0;0
38;30.07. 21:00–22:00;0;1;1
39;30.07. 21:00–22:00;0;6;6
40;30.07. 21:00–22:00;0;3;3
41;30.07. 21:00–22:00;0;1;1
42;30.07. 21:00–22:00;0;3;3
43;30.07. 21:00–22:00;0;0;0
44;30.07. 21:00–22:00;0;1;1
45;30.07. 21:00–22:00;0;2;2
46;30.07. 21:00–22:00;0;4;4
47;30.07. 21:00–22:00;0;2;2
48;30.07. 21:00–22:00;0;3;3
49;30.07. 21:00–22:00;0;0;0
50;30.07. 21:00–22:00;0;0;0
51;30.07. 21:00–22:00;0;3;3
52;30.07. 21:00–22:00;0;2;2
53;30.07. 21:00–22:00;0;2;2
54;30.07. 21:00–22:00;0;3;3
55;30.07. 21:00–22:00;0;6;6
56;30.07. 21:00–22:00;0;3;3
57;30.07. 21:00–22:00;0;2;2
58;30.07. 21:00–22:00;0;0;0
59;30.07. 21:00–22:00;0;3;3
60;30.07. 21:00–22:00;0;1;1
61;30.07. 21:00–22:00;0;2;2
62;30.07. 21:00–22:00;0;1;1
63;30.07. 21:00–22:00;0;5;5
64;30.07. 21:00–22:00;0;5;5
65;30.07. 21:00–22:00;0;2;2
66;30.07. 21:00–22:00;0;1;1
67;30.07. 21:00–22:00;0;3;3
68;30.07. 21:00–22:00;0;2;2
69;30.07. 21:00–22:00;0;2;2
70;30.07. 21:00–22:00;0;3;3
71;30.07. 21:00–22:00;0;3;3
72;30.07. 21:00–22:00;0;5;5
73;30.07. 21:00–22:00;0;3;3
74;30.07. 21:00–22:00;0;4;4
75;30.07. 21:00–22:00;0;0;0
76;30.07. 21:00–22:00;0;3;3
77;30.07. 21:00–22:00;0;1;1
78;30.07. 21:00–22:00;0;1;1
79;30.07. 21:00–22:00;0;3;3
80;30.07. 21:00–22:00;0;4;4
81;30.07. 21:00–22:00;0;2;2
82;30.07. 21:00–22:00;0;4;4
83;30.07. 21:00–22:00;0;1;1
84;30.07. 21:00–22:00;0;2;2
85;30.07. 21:00–22:00;0;0;0
86;30.07. 21:00–22:00;0;3;3
87;30.07. 21:00–22:00;0;3;3
88;30.07. 21:00–22:00;0;3;3
89;30.07. 21:00–22:00;0;2;2
90;30.07. 21:00–22:00;0;1;1
91;30.07. 21:00–22:00;0;2;2
92;30.07. 21:00–22:00;0;3;3
93;30.07. 21:00–22:00;0;1;1
94;30.07. 21:00–22:00;0;3;3
95;30.07. 21:00–22:00;0;1;1
96;30.07. 21:00–22:00;0;2;2
97;30.07. 21:00–22:00;0;1;1
98;30.07. 21:00–22:00;0;5;5
99;30.07. 21:00–22:00;0;6;6
0;30.07. 22:00–23:00;0;8;8
1;30.07. 22:00–23:00;0;1;1
2;30.07. 22:00–23:00;0;3;3
3;30.07. 22:00–23:00;0;6;6
4;30.07. 22:00–23:00;0;0;0
5;30.07. 22:00–23:00;0;3;3
6;30.07. 22:00–23:00;0;1;1
7;30.07. 22:00–23:00;0;3;3
8;30.07. 22:00–23:00;0;3;3
9;30.07. 22:00–23:00;0;4;4
10;30.07. 22:00–23:00;0;2;2
11;30.07. 22:00–23:00;0;2;2
12;30.07. 22:00–23:00;0;4;4
13;30.07. 22:00–23:00;0;0;0
14;30.07. 22:00–23:00;0;0;0
15;30.07. 22:00–23:00;0;3;3
16;30.07. 22:00–23:00;0;0;0
17;30.07. 22:00–23:00;0;0;0
18;30.07. 22:00–23:00;0;2;2
19;30.07. 22:00–23:00;0;1;1
20;30.07. 22:00–23:00;0;1;1
21;30.07. 22:00–23:00;0;0;0
22;30.07. 22:00–23:00;0;0;0
23;30.07. 22:00–23:00;0;3;3
24;30.07. 22:00–23:00;0;1;1
25;30.07. 22:00–23:00;0;2;2
26;30.07. 22:00–23:00;0;4;4
27;30.07. 22:00–23:00;0;3;3
28;30.07. 22:00–23:00;0;2;2
29;30.07. 22:00–23:00;0;2;2
30;30.07. 22:00–23:00;0;2;2
31;30.07. 22:00–23:00;0;1;1
32;30.07. 22:00–23:00;0;4;4
33;30.07. 22:00–23:00;0;4;4
34;30.07. 22:00–23:00;0;2;2
35;30.07. 22:00–23:00;0;3;3
36;30.07. 22:00–23:00;0;1;1
37;30.07. 22:00–23:00;0;2;2
38;30.07. 22:00–23:00;0;0;0
39;30.07. 22:00–23:00;0;3;3
40;30.07. 22:00–23:00;0;2;2
41;30.07. 22:00–23:00;0;4;4
42;30.07. 22:00–23:00;0;3;3
43;30.07. 22:00–23:00;0;2;2
44;30.07. 22:00–23:00;0;3;3
45;30.07. 22:00–23:00;0;5;5
46;30.07. 22:00–23:00;0;0;0
47;30.07. 22:00–23:00;0;5;5
48;30.07. 22:00–23:00;0;4;4
49;30.07. 22:00–23:00;0;2;2
50;30.07. 22:00–23:00;0;4;4
51;30.07. 22:00–23:00;0;3;3
52;30.07. 22:00–23:00;0;8;8
53;30.07. 22:00–23:00;0;3;3
54;30.07. 22:00–23:00;0;2;2
55;30.07. 22:00–23:00;0;1;1
56;30.07. 22:00–23:00;0;3;3
57;30.07. 22:00–23:00;0;4;4
58;30.07. 22:00–23:00;0;0;0
59;30.07. 22:00–23:00;0;1;1
60;30.07. 22:00–23:00;0;4;4
61;30.07. 22:00–23:00;0;0;0
62;30.07. 22:00–23:00;0;2;2
63;30.07. 22:00–23:00;0;1;1
64;30.07. 22:00–23:00;0;4;4
65;30.07. 22:00–23:00;0;1;1
66;30.07. 22:00–23:00;0;3;3
67;30.07. 22:00–23:00;0;7;7
68;30.07. 22:00–23:00;0;0;0
69;30.07. 22:00–23:00;0;6;6
70;30.07. 22:00–23:00;0;2;2
71;30.07. 22:00–23:00;0;1;1
72;30.07. 22:00–23:00;0;0;0
73;30.07. 22:00–23:00;0;1;1
74;30.07. 22:00–23:00;0;3;3
75;30.07. 22:00–23:00;0;3;3
76;30.07. 22:00–23:00;0;1;1
77;30.07. 22:00–23:00;0;2;2
78;30.07. 22:00–23:00;0;1;1
79;30.07. 22:00–23:00;0;3;3
80;30.07. 22:00–23:00;0;2;2
81;30.07. 22:00–23:00;0;1;1
82;30.07. 22:00–23:00;0;2;2
83;30.07. 22:00–23:00;0;2;2
84;30.07. 22:00–23:00;0;2;2
85;30.07. 22:00–23:00;0;1;1
86;30.07. 22:00–23:00;0;4;4
87;30.07. 22:00–23:00;0;4;4
88;30.07. 22:00–23:00;0;5;5
89;30.07. 22:00–23:00;0;3;3
90;30.07. 22:00–23:00;0;4;4
91;30.07. 22:00–23:00;0;1;1
92;30.07. 22:00–23:00;0;2;2
93;30.07. 22:00–23:00;0;2;2
94;30.07. 22:00–23:00;0;7;7
95;30.07. 22:00–23:00;0;1;1
96;30.07. 22:00–23:00;0;1;1
97;30.07. 22:00–23:00;0;2;2
98;30.07. 22:00–23:00;0;2;2
99;30.07. 22:00–23:00;0;2;2
0;30.07. 23:00–00:00;0;0;0
1;30.07. 23:00–00:00;0;0;0
2;30.07. 23:00–00:00;0;0;0
3;30.07. 23:00–00:00;0;0;0
4;30.07. 23:00–00:00;0;0;0
5;30.07. 23:00–00:00;0;0;0
6;30.07. 23:00–00:00;0;0;0
7;30.07. 23:00–00:00;0;1;1
8;30.07. 23:00–00:00;0;0;0
9;30.07. 23:00–00:00;0;0;0
10;30.07. 23:00–00:00;0;0;0
11;30.07. 23:00–00:00;0;0;0
12;30.07. 23:00–00:00;0;0;0
13;30.07. 23:00–00:00;0;0;0
14;30.07. 23:00–00:00;0;0;0
15;30.07. 23:00–00:00;0;0;0
16;30.07. 23:00–00:00;0;0;0
17;30.07. 23:00–00:00;0;0;0
18;30.07. 23:00–00:00;0;0;0
19;30.07. 23:00–00:00;0;0;0
20;30.07. 23:00–00:00;0;0;0
21;30.07. 23:00–00:00;0;1;1
22;30.07. 23:00–00:00;0;1;1
23;30.07. 23:00–00:00;0;0;0
24;30.07. 23:00–00:00;0;0;0
25;30.07. 23:00–00:00;0;0;0
26;30.07. 23:00–00:00;0;0;0
27;30.07. 23:00–00:00;0;0;0
28;30.07. 23:00–00:00;0;0;0
29;30.07. 23:00–00:00;0;0;0
30;30.07. 23:00–00:00;0;2;2
31;30.07. 23:00–00:00;0;0;0
32;30.07. 23:00–00:00;0;0;0
33;30.07. 23:00–00:00;0;0;0
34;30.07. 23:00–00:00;0;1;1
35;30.07. 23:00–00:00;0;0;0
36;30.07. 23:00–00:00;0;1;1
37;30.07. 23:00–00:00;0;0;0
38;30.07. 23:00–00:00;0;0;0
39;30.07. 23:00–00:00;0;0;0
40;30.07. 23:00–00:00;0;0;0
41;30.07. 23:00–00:00;0;0;0
42;30.07. 23:00–00:00;0;0;0
43;30.07. 23:00–00:00;0;0;0
44;30.07. 23:00–00:00;0;0;0
45;30.07. 23:00–00:00;0;0;0
46;30.07. 23:00–00:00;0;0;0
47;30.07. 23:00–00:00;0;0;0
48;30.07. 23:00–00:00;0;0;0
49;30.07. 23:00–00:00;0;0;0
50;30.07. 23:00–00:00;0;0;0
51;30.07. 23:00–00:00;0;0;0
52;30.07. 23:00–00:00;0;0;0
53;30.07. 23:00–00:00;0;0;0
54;30.07. 23:00–00:00;0;0;0
55;30.07. 23:00–00:00;0;0;0
56;30.07. 23:00–00:00;0;0;0
57;30.07. 23:00–00:00;0;0;0
58;30.07. 23:00–00:00;0;0;0
59;30.07. 23:00–00:00;0;0;0
60;30.07. 23:00–00:00;0;0;0
61;30.07. 23:00–00:00;0;0;0
62;30.07. 23:00–00:00;0;0;0
63;30.07. 23:00–00:00;0;0;0
64;30.07. 23:00–00:00;0;0;0
65;30.07. 23:00–00:00;0;0;0
66;30.07. 23:00–00:00;0;0;0
67;30.07. 23:00–00:00;0;0;0
68;30.07. 23:00–00:00;0;0;0
69;30.07. 23:00–00:00;0;0;0
70;30.07. 23:00–00:00;0;0;0
71;30.07. 23:00–00:00;0;1;1
72;30.07. 23:00–00:00;0;0;0
73;30.07. 23:00–00:00;0;0;0
74;30.07. 23:00–00:00;0;2;2
75;30.07. 23:00–00:00;0;0;0
76;30.07. 23:00–00:00;0;0;0
77;30.07. 23:00–00:00;0;1;1
78;30.07. 23:00–00:00;0;0;0
79;30.07. 23:00–00:00;0;0;0
80;30.07. 23:00–00:00;0;0;0
81;30.07. 23:00–00:00;0;0;0
82;30.07. 23:00–00:00;0;0;0
83;30.07. 23:00–00:00;0;0;0
84;30.07. 23:00–00:00;0;0;0
85;30.07. 23:00–00:00;0;0;0
86;30.07. 23:00–00:00;0;0;0
87;30.07. 23:00–00:00;0;0;0
88;30.07. 23:00–00:00;0;0;0
89;30.07. 23:00–00:00;0;0;0
90;30.07. 23:00–00:00;0;0;0
91;30.07. 23:00–00:00;0;1;1
92;30.07. 23:00–00:00;0;0;0
93;30.07. 23:00–00:00;0;0;0
94;30.07. 23:00–00:00;0;0;0
95;30.07. 23:00–00:00;0;0;0
96;30.07. 23:00–00:00;0;1;1
97;30.07. 23:00–00:00;0;0;0
98;30.07. 23:00–00:00;0;0;0
99;30.07. 23:00–00:00;0;0;0
0;31.07. 00:00–01:00;0;0;0
1;31.07. 00:00–01:00;1;0;1
2;31.07. 00:00–01:00;2;0;2
3;31.07. 00:00–01:00;1;0;1
4;31.07. 00:00–01:00;0;0;0
5;31.07. 00:00–01:00;0;0;0
6;31.07. 00:00–01:00;1;0;1
7;31.07. 00:00–01:00;2;0;2
8;31.07. 00:00–01:00;1;0;1
9;31.07. 00:00–01:00;0;0;0
10;31.07. 00:00–01:00;0;0;0
11;31.07. 00:00–01:00;1;0;1
12;31.07. 00:00–01:00;0;0;0
13;31.07. 00:00–01:00;1;0;1
14;31.07. 00:00–01:00;3;0;3
15;31.07. 00:00–01:00;1;0;1
16;31.07. 00:00–01:00;1;0;1
17;31.07. 00:00–01:00;1;0;1
18;31.07. 00:00–01:00;1;0;1
19;31.07. 00:00–01:00;1;0;1
20;31.07. 00:00–01:00;0;0;0
21;31.07. 00:00–01:00;1;0;1
22;31.07. 00:00–01:00;0;0;0
23;31.07. 00:00–01:00;2;0;2
24;31.07. 00:00–01:00;0;0;0
25;31.07. 00:00–01:00;2;0;2
26;31.07. 00:00–01:00;0;0;0
27;31.07. 00:00–01:00;0;0;0
28;31.07. 00:00–01:00;4;0;4
29;31.07. 00:00–01:00;1;0;1
30;31.07. 00:00–01:00;3;0;3
31;31.07. 00:00–01:00;0;0;0
32;31.07. 00:00–01:00;1;0;1
33;31.07. 00:00–01:00;0;0;0
34;31.07. 00:00–01:00;1;0;1
35;31.07. 00:00–01:00;3;0;3
36;31.07. 00:00–01:00;1;0;1
37;31.07. 00:00–01:00;0;0;0
38;31.07. 00:00–01:00;1;0;1
39;31.07. 00:00–01:00;1;0;1
40;31.07. 00:00–01:00;0;0;0
41;31.07. 00:00–01:00;0;0;0
42;31.07. 00:00–01:00;1;0;1
43;31.07. 00:00–01:00;1;0;1
44;31.07. 00:00–01:00;1;0;1
45;31.07. 00:00–01:00;1;0;1
46;31.07. 00:00–01:00;2;0;2
47;31.07. 00:00–01:00;0;0;0
48;31.07. 00:00–01:00;2;0;2
49;31.07. 00:00–01:00;1;0;1
50;31.07. 00:00–01:00;1;0;1
51;31.07. 00:00–01:00;0;0;0
52;31.07. 00:00–01:00;0;0;0
53;31.07. 00:00–01:00;1;0;1
54;31.07. 00:00–01:00;1;0;1
55;31.07. 00:00–01:00;0;0;0
56;31.07. 00:00–01:00;0;0;0
57;31.07. 00:00–01:00;1;0;1
58;31.07. 00:00–01:00;1;0;1
59;31.07. 00:00–01:00;3;0;3
60;31.07. 00:00–01:00;0;0;0
61;31.07. 00:00–01:00;1;0;1
62;31.07. 00:00–01:00;0;0;0
63;31.07. 00:00–01:00;0;0;0
64;31.07. 00:00–01:00;0;0;0
65;31.07. 00:00–01:00;0;0;0
66;31.07. 00:00–01:00;1;0;1
67;31.07. 00:00–01:00;0;0;0
68;31.07. 00:00–01:00;1;0;1
69;31.07. 00:00–01:00;3;0;3
70;31.07. 00:00–01:00;0;0;0
71;31.07. 00:00–01:00;0;0;0
72;31.07. 00:00–01:00;1;0;1
73;31.07. 00:00–01:00;0;0;0
74;31.07. 00:00–01:00;1;0;1
75;31.07. 00:00–01:00;2;0;2
76;31.07. 00:00–01:00;0;0;0
77;31.07. 00:00–01:00;1;0;1
78;31.07. 00:00–01:00;0;0;0
79;31.07. 00:00–01:00;0;0;0
80;31.07. 00:00–01:00;2;0;2
81;31.07. 00:00–01:00;0;0;0
82;31.07. 00:00–01:00;2;0;2
83;31.07. 00:00–01:00;1;0;1
84;31.07. 00:00–01:00;1;0;1
85;31.07. 00:00–01:00;1;0;1
86;31.07. 00:00–01:00;2;0;2
87;31.07. 00:00–01:00;2;0;2
88;31.07. 00:00–01:00;1;0;1
89;31.07. 00:00–01:00;2;0;2
90;31.07. 00:00–01:00;0;0;0
91;31.07. 00:00–01:00;1;0;1
92;31.07. 00:00–01:00;1;0;1
93;31.07. 00:00–01:00;2;0;2
94;31.07. 00:00–01:00;0;0;0
95;31.07. 00:00–01:00;0;0;0
96;31.07. 00:00–01:00;1;0;1
97;31.07. 00:00–01:00;1;0;1
98;31.07. 00:00–01:00;0;0;0
99;31.07. 00:00–01:00;2;0;2
0;31.07. 01:00–02:00;3;0;3
1;31.07. 01:00–02:00;4;1;5
2;31.07. 01:00–02:00;3;1;4
3;31.07. 01:00–02:00;5;1;6
4;31.07. 01:00–02:00;2;0;2
5;31.07. 01:00–02:00;4;0;4
6;31.07. 01:00–02:00;5;1;6
7;31.07. 01:00–02:00;3;1;4
8;31.07. 01:00–02:00;6;2;8
9;31.07. 01:00–02:00;7;0;7
10;31.07. 01:00–02:00;4;0;4
11;31.07. 01:00–02:00;4;0;4
12;31.07. 01:00–02:00;5;4;9
13;31.07. 01:00–02:00;4;0;4
14;31.07. 01:00–02:00;2;0;2
15;31.07. 01:00–02:00;2;2;4
16;31.07. 01:00–02:00;5;3;8
17;31.07. 01:00–02:00;4;2;6
18;31.07. 01:00–02:00;1;2;3
19;31.07. 01:00–02:00;5;0;5
20;31.07. 01:00–02:00;3;3;6
21;31.07. 01:00–02:00;3;1;4
22;31.07. 01:00–02:00;5;1;6
23;31.07. 01:00–02:00;6;2;8
24;31.07. 01:00–02:00;4;1;5
25;31.07. 01:00–02:00;6;0;6
26;31.07. 01:00–02:00;10;1;11
27;31.07. 01:00–02:00;4;0;4
28;31.07. 01:00–02:00;5;2;7
29;31.07. 01:00–02:00;2;4;6
30;31.07. 01:00–02:00;4;2;6
31;31.07. 01:00–02:00;4;2;6
32;31.07. 01:00–02:00;0;1;1
33;31.07. 01:00–02:00;4;1;5
34;31.07. 01:00–02:00;3;2;5
35;31.07. 01:00–02:00;3;3;6
36;31.07. 01:00–02:00;4;1;5
37;31.07. 01:00–02:00;5;2;7
38;31.07. 01:00–02:00;1;1;2
39;31.07. 01:00–02:00;2;0;2
40;31.07. 01:00–02:00;2;1;3
41;31.07. 01:00–02:00;2;2;4
42;31.07. 01:00–02:00;1;0;1
43;31.07. 01:00–02:00;7;4;11
44;31.07. 01:00–02:00;5;1;6
45;31.07. 01:00–02:00;4;0;4
46;31.07. 01:00–02:00;1;1;2
47;31.07. 01:00–02:00;4;0;4
48;31.07. 01:00–02:00;3;1;4
49;31.07. 01:00–02:00;2;0;2
50;31.07. 01:00–02:00;8;1;9
51;31.07. 01:00–02:00;4;1;5
52;31.07. 01:00–02:00;3;1;4
53;31.07. 01:00–02:00;0;1;1
54;31.07. 01:00–02:00;2;2;4
55;31.07. 01:00–02:00;1;0;1
56;31.07. 01:00–02:00;9;3;12
57;31.07. 01:00–02:00;3;5;8
58;31.07. 01:00–02:00;5;0;5
59;31.07. 01:00–02:00;2;0;2
60;31.07. 01:00–02:00;4;1;5
61;31.07. 01:00–02:00;3;0;3
62;31.07. 01:00–02:00;6;1;7
63;31.07. 01:00–02:00;3;3;6
64;31.07. 01:00–02:00;2;1;3
65;31.07. 01:00–02:00;3;2;5
66;31.07. 01:00–02:00;3;2;5
67;31.07. 01:00–02:00;5;1;6
68;31.07. 01:00–02:00;4;1;5
69;31.07. 01:00–02:00;5;1;6
70;31.07. 01:00–02:00;1;0;1
71;31.07. 01:00–02:00;1;1;2
72;31.07. 01:00–02:00;2;2;4
73;31.07. 01:00–02:00;2;0;2
74;31.07. 01:00–02:00;4;2;6
75;31.07. 01:00–02:00;1;2;3
76;31.07. 01:00–02:00;1;0;1
77;31.07. 01:00–02:00;5;1;6
78;31.07. 01:00–02:00;4;4;8
79;31.07. 01:00–02:00;2;2;4
80;31.07. 01:00–02:00;5;0;5
81;31.07. 01:00–02:00;4;0;4
82;31.07. 01:00–02:00;4;3;7
83;31.07. 01:00–02:00;1;1;2
84;31.07. 01:00–02:00;1;1;2
85;31.07. 01:00–02:00;6;2;8
86;31.07. 01:00–02:00;3;3;6
87;31.07. 01:00–02:00;5;0;5
88;31.07. 01:00–02:00;2;1;3
89;31.07. 01:00–02:00;1;1;2
90;31.07. 01:00–02:00;1;0;1
91;31.07. 01:00–02:00;3;1;4
92;31.07. 01:00–02:00;7;2;9
93;31.07. 01:00–02:00;2;0;2
94;31.07. 01:00–02:00;5;1;6
95;31.07. 01:00–02:00;7;1;8
96;31.07. 01:00–02:00;4;1;5
97;31.07. 01:00–02:00;6;2;8
98;31.07. 01:00–02:00;1;2;3
99;31.07. 01:00–02:00;2;0;2
0;31.07. 02:00–03:00;1;10;11
1;31.07. 02:00–03:00;3;10;13
2;31.07. 02:00–03:00;1;9;10
3;31.07. 02:00–03:00;1;5;6
4;31.07. 02:00–03:00;3;4;7
5;31.07. 02:00–03:00;2;5;7
6;31.07. 02:00–03:00;4;10;14
7;31.07. 02:00–03:00;6;5;11
8;31.07. 02:00–03:00;2;6;8
9;31.07. 02:00–03:00;4;8;12
10;31.07. 02:00–03:00;1;7;8
11;31.07. 02:00–03:00;3;5;8
12;31.07. 02:00–03:00;3;8;11
13;31.07. 02:00–03:00;4;14;18
14;31.07. 02:00–03:00;2;9;11
15;31.07. 02:00–03:00;1;6;7
16;31.07. 02:00–03:00;3;12;15
17;31.07. 02:00–03:00;0;6;6
18;31.07. 02:00–03:00;1;6;7
19;31.07. 02:00–03:00;2;7;9
20;31.07. 02:00–03:00;2;7;9
21;31.07. 02:00–03:00;1;3;4
22;31.07. 02:00–03:00;1;5;6
23;31.07. 02:00–03:00;2;4;6
24;31.07. 02:00–03:00;2;8;10
25;31.07. 02:00–03:00;0;10;10
26;31.07. 02:00–03:00;3;13;16
27;31.07. 02:00–03:00;4;8;12
28;31.07. 02:00–03:00;3;6;9
29;31.07. 02:00–03:00;3;7;10
30;31.07. 02:00–03:00;3;8;11
31;31.07. 02:00–03:00;3;10;13
32;31.07. 02:00–03:00;3;9;12
33;31.07. 02:00–03:00;5;7;12
34;31.07. 02:00–03:00;2;4;6
35;31.07. 02:00–03:00;3;8;11
36;31.07. 02:00–03:00;0;5;5
37;31.07. 02:00–03:00;3;7;10
38;31.07. 02:00–03:00;3;4;7
39;31.07. 02:00–03:00;3;6;9
40;31.07. 02:00–03:00;5;5;10
41;31.07. 02:00–03:00;2;8;10
42;31.07. 02:00–03:00;3;12;15
43;31.07. 02:00–03:00;5;3;8
44;31.07. 02:00–03:00;3;5;8
45;31.07. 02:00–03:00;2;7;9
46;31.07. 02:00–03:00;2;8;10
47;31.07. 02:00–03:00;3;5;8
48;31.07. 02:00–03:00;1;6;7
49;31.07. 02:00–03:00;1;8;9
50;31.07. 02:00–03:00;3;3;6
51;31.07. 02:00–03:00;1;5;6
52;31.07. 02:00–03:00;6;4;10
53;31.07. 02:00–03:00;1;5;6
54;31.07. 02:00–03:00;2;3;5
55;31.07. 02:00–03:00;8;7;15
56;31.07. 02:00–03:00;2;3;5
57;31.07. 02:00–03:00;0;6;6
58;31.07. 02:00–03:00;4;1;5
59;31.07. 02:00–03:00;7;15;22
60;31.07. 02:00–03:00;4;8;12
61;31.07. 02:00–03:00;3;7;10
62;31.07. 02:00–03:00;2;11;13
63;31.07. 02:00–03:00;2;9;11
64;31.07. 02:00–03:00;1;7;8
65;31.07. 02:00–03:00;2;13;15
66;31.07. 02:00–03:00;2;10;12
67;31.07. 02:00–03:00;4;11;15
68;31.07. 02:00–03:00;3;14;17
69;31.07. 02:00–03:00;3;4;7
70;31.07. 02:00–03:00;6;9;15
71;31.07. 02:00–03:00;5;10;15
72;31.07. 02:00–03:00;0;8;8
73;31.07. 02:00–03:00;0;7;7
74;31.07. 02:00–03:00;0;6;6
75;31.07. 02:00–03:00;4;14;18
76;31.07. 02:00–03:00;2;5;7
77;31.07. 02:00–03:00;3;5;8
78;31.07. 02:00–03:00;1;1;2
79;31.07. 02:00–03:00;1;7;8
80;31.07. 02:00–03:00;7;13;20
81;31.07. 02:00–03:00;2;10;12
82;31.07. 02:00–03:00;4;3;7
83;31.07. 02:00–03:00;3;10;13
84;31.07. 02:00–03:00;5;5;10
85;31.07. 02:00–03:00;3;6;9
86;31.07. 02:00–03:00;3;7;10
87;31.07. 02:00–03:00;4;7;11
88;31.07. 02:00–03:00;1;9;10
89;31.07. 02:00–03:00;2;6;8
90;31.07. 02:00–03:00;3;10;13
91;31.07. 02:00–03:00;1;12;13
92;31.07. 02:00–03:00;2;11;13
93;31.07. 02:00–03:00;3;9;12
94;31.07. 02:00–03:00;2;9;11
95;31.07. 02:00–03:00;1;4;5
96;31.07. 02:00–03:00;1;7;8
97;31.07. 02:00–03:00;2;5;7
98;31.07. 02:00–03:00;3;8;11
99;31.07. 02:00–03:00;4;9;13
0;31.07. 03:00–04:00;0;9;9
1;31.07. 03:00–04:00;0;16;16
2;31.07. 03:00–04:00;0;17;17
3;31.07. 03:00–04:00;0;14;14
4;31.07. 03:00–04:00;0;20;20
5;31.07. 03:00–04:00;0;11;11
6;31.07. 03:00–04:00;0;17;17
7;31.07. 03:00–04:00;0;10;10
8;31.07. 03:00–04:00;0;9;9
9;31.07. 03:00–04:00;0;10;10
10;31.07. 03:00–04:00;0;14;14
11;31.07. 03:00–04:00;0;11;11
12;31.07. 03:00–04:00;0;13;13
13;31.07. 03:00–04:00;0;11;11
14;31.07. 03:00–04:00;0;13;13
15;31.07. 03:00–04:00;0;15;15
16;31.07. 03:00–04:00;0;12;12
17;31.07. 03:00–04:00;0;12;12
18;31.07. 03:00–04:00;0;10;10
19;31.07. 03:00–04:00;0;18;18
20;31.07. 03:00–04:00;0;15;15
21;31.07. 03:00–04:00;0;16;16
22;31.07. 03:00–04:00;0;16;16
23;31.07. 03:00–04:00;0;22;22
24;31.07. 03:00–04:00;0;15;15
25;31.07. 03:00–04:00;0;19;19
26;31.07. 03:00–04:00;0;10;10
27;31.07. 03:00–04:00;0;11;11
28;31.07. 03:00–04:00;0;13;13
29;31.07. 03:00–04:00;0;12;12
30;31.07. 03:00–04:00;0;20;20
31;31.07. 03:00–04:00;0;14;14
32;31.07. 03:00–04:00;0;16;16
33;31.07. 03:00–04:00;0;13;13
34;31.07. 03:00–04:00;0;14;14
35;31.07. 03:00–04:00;0;19;19
36;31.07. 03:00–04:00;0;19;19
37;31.07. 03:00–04:00;0;15;15
38;31.07. 03:00–04:00;0;15;15
39;31.07. 03:00–04:00;0;17;17
40;31.07. 03:00–04:00;0;14;14
41;31.07. 03:00–04:00;0;11;11
42;31.07. 03:00–04:00;0;19;19
43;31.07. 03:00–04:00;0;16;16
44;31.07. 03:00–04:00;0;15;15
45;31.07. 03:00–04:00;0;11;11
46;31.07. 03:00–04:00;0;13;13
47;31.07. 03:00–04:00;0;12;12
48;31.07. 03:00–04:00;0;14;14
49;31.07. 03:00–04:00;0;13;13
50;31.07. 03:00–04:00;0;16;16
51;31.07. 03:00–04:00;0;19;19
52;31.07. 03:00–04:00;0;7;7
53;31.07. 03:00–04:00;0;17;17
54;31.07. 03:00–04:00;0;17;17
55;31.07. 03:00–04:00;0;22;22
56;31.07. 03:00–04:00;0;18;18
57;31.07. 03:00–04:00;0;20;20
58;31.07. 03:00–04:00;0;11;11
59;31.07. 03:00–04:00;0;14;14
60;31.07. 03:00–04:00;0;16;16
61;31.07. 03:00–04:00;0;15;15
62;31.07. 03:00–04:00;0;21;21
63;31.07. 03:00–04:00;0;11;11
64;31.07. 03:00–04:00;0;20;20
65;31.07. 03:00–04:00;0;28;28
66;31.07. 03:00–04:00;0;16;16
67;31.07. 03:00–04:00;0;23;23
68;31.07. 03:00–04:00;0;13;13
69;31.07. 03:00–04:00;0;16;16
70;31.07. 03:00–04:00;0;19;19
71;31.07. 03:00–04:00;0;8;8
72;31.07. 03:00–04:00;0;17;17
73;31.07. 03:00–04:00;0;13;13
74;31.07. 03:00–04:00;0;16;16
75;31.07. 03:00–04:00;0;18;18
76;31.07. 03:00–04:00;0;14;14
77;31.07. 03:00–04:00;0;14;14
78;31.07. 03:00–04:00;0;18;18
79;31.07. 03:00–04:00;0;20;20
80;31.07. 03:00–04:00;0;13;13
81;31.07. 03:00–04:00;0;12;12
82;31.07. 03:00–04:00;0;21;21
83;31.07. 03:00–04:00;0;17;17
84;31.07. 03:00–04:00;0;15;15
85;31.07. 03:00–04:00;0;21;21
86;31.07. 03:00–04:00;0;5;5
87;31.07. 03:00–04:00;0;14;14
88;31.07. 03:00–04:00;0;20;20
89;31.07. 03:00–04:00;0;18;18
90;31.07. 03:00–04:00;0;16;16
91;31.07. 03:00–04:00;0;10;10
92;31.07. 03:00–04:00;0;18;18
93;31.07. 03:00–04:00;0;14;14
94;31.07. 03:00–04:00;0;21;21
95;31.07. 03:00–04:00;0;19;19
96;31.07. 03:00–04:00;0;13;13
97;31.07. 03:00–04:00;0;19;19
98;31.07. 03:00–04:00;0;12;12
99;31.07. 03:00–04:00;0;30;30
0;31.07. 04:00–05:00;0;9;9
1;31.07. 04:00–05:00;0;9;9
2;31.07. 04:00–05:00;0;9;9
3;31.07. 04:00–05:00;0;10;10
4;31.07. 04:00–05:00;1;9;10
5;31.07. 04:00–05:00;0;12;12
6;31.07. 04:00–05:00;0;14;14
7;31.07. 04:00–05:00;2;12;14
8;31.07. 04:00–05:00;0;15;15
9;31.07. 04:00–05:00;1;6;7
10;31.07. 04:00–05:00;0;9;9
11;31.07. 04:00–05:00;1;6;7
12;31.07. 04:00–05:00;2;13;15
13;31.07. 04:00–05:00;1;6;7
14;31.07. 04:00–05:00;0;10;10
15;31.07. 04:00–05:00;1;12;13
16;31.07. 04:00–05:00;1;7;8
17;31.07. 04:00–05:00;0;5;5
18;31.07. 04:00–05:00;0;11;11
19;31.07. 04:00–05:00;2;4;6
20;31.07. 04:00–05:00;0;6;6
21;31.07. 04:00–05:00;1;10;11
22;31.07. 04:00–05:00;0;4;4
23;31.07. 04:00–05:00;0;8;8
24;31.07. 04:00–05:00;0;4;4
25;31.07. 04:00–05:00;1;4;5
26;31.07. 04:00–05:00;1;9;10
27;31.07. 04:00–05:00;1;9;10
28;31.07. 04:00–05:00;0;10;10
29;31.07. 04:00–05:00;2;7;9
30;31.07. 04:00–05:00;1;6;7
31;31.07. 04:00–05:00;1;11;12
32;31.07. 04:00–05:00;1;9;10
33;31.07. 04:00–05:00;0;7;7
34;31.07. 04:00–05:00;0;7;7
35;31.07. 04:00–05:00;0;10;10
36;31.07. 04:00–05:00;0;4;4
37;31.07. 04:00–05:00;1;3;4
38;31.07. 04:00–05:00;0;3;3
39;31.07. 04:00–05:00;0;8;8
40;31.07. 04:00–05:00;4;6;10
41;31.07. 04:00–05:00;4;11;15
42;31.07. 04:00–05:00;2;7;9
43;31.07. 04:00–05:00;1;11;12
44;31.07. 04:00–05:00;0;5;5
45;31.07. 04:00–05:00;0;3;3
46;31.07. 04:00–05:00;2;8;10
47;31.07. 04:00–05:00;0;6;6
48;31.07. 04:00–05:00;1;4;5
49;31.07. 04:00–05:00;1;9;10
50;31.07. 04:00–05:00;2;8;10
51;31.07. 04:00–05:00;0;6;6
52;31.07. 04:00–05:00;0;7;7
53;31.07. 04:00–05:00;1;7;8
54;31.07. 04:00–05:00;0;7;7
55;31.07. 04:00–05:00;1;8;9
56;31.07. 04:00–05:00;0;8;8
57;31.07. 04:00–05:00;0;5;5
58;31.07. 04:00–05:00;0;16;16
59;31.07. 04:00–05:00;1;8;9
60;31.07. 04:00–05:00;1;8;9
61;31.07. 04:00–05:00;0;11;11
62;31.07. 04:00–05:00;2;4;6
63;31.07. 04:00–05:00;1;8;9
64;31.07. 04:00–05:00;1;7;8
65;31.07. 04:00–05:00;0;9;9
66;31.07. 04:00–05:00;0;7;7
67;31.07. 04:00–05:00;1;7;8
68;31.07. 04:00–05:00;0;6;6
69;31.07. 04:00–05:00;0;9;9
70;31.07. 04:00–05:00;0;7;7
71;31.07. 04:00–05:00;2;6;8
72;31.07. 04:00–05:00;0;6;6
73;31.07. 04:00–05:00;1;7;8
74;31.07. 04:00–05:00;0;6;6
75;31.07. 04:00–05:00;1;6;7
76;31.07. 04:00–05:00;0;9;9
77;31.07. 04:00–05:00;0;11;11
78;31.07. 04:00–05:00;1;1;2
79;31.07. 04:00–05:00;2;7;9
80;31.07. 04:00–05:00;1;7;8
81;31.07. 04:00–05:00;1;8;9
82;31.07. 04:00–05:00;0;10;10
83;31.07. 04:00–05:00;0;11;11
84;31.07. 04:00–05:00;0;6;6
85;31.07. 04:00–05:00;1;9;10
86;31.07. 04:00–05:00;0;5;5
87;31.07. 04:00–05:00;0;8;8
88;31.07. 04:00–05:00;3;8;11
89;31.07. 04:00–05:00;0;8;8
90;31.07. 04:00–05:00;1;5;6
91;31.07. 04:00–05:00;0;8;8
92;31.07. 04:00–05:00;1;6;7
93;31.07. 04:00–05:00;1;9;10
94;31.07. 04:00–05:00;0;10;10
95;31.07. 04:00–05:00;0;12;12
96;31.07. 04:00–05:00;2;8;10
97;31.07. 04:00–05:00;1;5;6
98;31.07. 04:00–05:00;0;8;8
99;31.07. 04:00–05:00;2;9;11
0;31.07. 05:00–06:00;7;1;8
1;31.07. 05:00–06:00;5;3;8
2;31.07. 05:00–06:00;13;1;14
3;31.07. 05:00–06:00;5;0;5
4;31.07. 05:00–06:00;8;1;9
5;31.07. 05:00–06:00;5;2;7
6;31.07. 05:00–06:00;7;2;9
7;31.07. 05:00–06:00;9;1;10
8;31.07. 05:00–06:00;7;1;8
9;31.07. 05:00–06:00;5;2;7
10;31.07. 05:00–06:00;3;0;3
11;31.07. 05:00–06:00;1;3;4
12;31.07. 05:00–06:00;5;4;9
13;31.07. 05:00–06:00;6;0;6
14;31.07. 05:00–06:00;7;0;7
15;31.07. 05:00–06:00;9;2;11
16;31.07. 05:00–06:00;3;3;6
17;31.07. 05:00–06:00;9;1;10
18;31.07. 05:00–06:00;4;2;6
19;31.07. 05:00–06:00;9;2;11
20;31.07. 05:00–06:00;5;1;6
21;31.07. 05:00–06:00;6;2;8
22;31.07. 05:00–06:00;8;0;8
23;31.07. 05:00–06:00;3;1;4
24;31.07. 05:00–06:00;4;3;7
25;31.07. 05:00–06:00;2;0;2
26;31.07. 05:00–06:00;9;0;9
27;31.07. 05:00–06:00;6;1;7
28;31.07. 05:00–06:00;7;1;8
29;31.07. 05:00–06:00;8;2;10
30;31.07. 05:00–06:00;7;1;8
31;31.07. 05:00–06:00;8;3;11
32;31.07. 05:00–06:00;7;3;10
33;31.07. 05:00–06:00;5;2;7
34;31.07. 05:00–06:00;8;0;8
35;31.07. 05:00–06:00;9;5;14
36;31.07. 05:00–06:00;7;1;8
37;31.07. 05:00–06:00;1;1;2
38;31.07. 05:00–06:00;11;1;12
39;31.07. 05:00–06:00;2;0;2
40;31.07. 05:00–06:00;10;0;10
41;31.07. 05:00–06:00;8;2;10
42;31.07. 05:00–06:00;5;1;6
43;31.07. 05:00–06:00;3;0;3
44;31.07. 05:00–06:00;10;1;11
45;31.07. 05:00–06:00;8;3;11
46;31.07. 05:00–06:00;4;2;6
47;31.07. 05:00–06:00;9;0;9
48;31.07. 05:00–06:00;3;1;4
49;31.07. 05:00–06:00;1;1;2
50;31.07. 05:00–06:00;4;2;6
51;31.07. 05:00–06:00;7;1;8
52;31.07. 05:00–06:00;4;2;6
53;31.07. 05:00–06:00;9;2;11
54;31.07. 05:00–06:00;11;2;13
55;31.07. 05:00–06:00;4;2;6
56;31.07. 05:00–06:00;4;0;4
57;31.07. 05:00–06:00;7;2;9
58;31.07. 05:00–06:00;3;1;4
59;31.07. 05:00–06:00;6;3;9
60;31.07. 05:00–06:00;9;0;9
61;31.07. 05:00–06:00;6;4;10
62;31.07. 05:00–06:00;7;0;7
63;31.07. 05:00–06:00;8;1;9
64;31.07. 05:00–06:00;6;0;6
65;31.07. 05:00–06:00;9;2;11
66;31.07. 05:00–06:00;1;1;2
67;31.07. 05:00–06:00;6;2;8
68;31.07. 05:00–06:00;6;1;7
69;31.07. 05:00–06:00;6;5;11
70;31.07. 05:00–06:00;3;1;4
71;31.07. 05:00–06:00;3;0;3
72;31.07. 05:00–06:00;5;0;5
73;31.07. 05:00–06:00;5;0;5
74;31.07. 05:00–06:00;7;0;7
75;31.07. 05:00–06:00;8;1;9
76;31.07. 05:00–06:00;8;0;8
77;31.07. 05:00–06:00;5;0;5
78;31.07. 05:00–06:00;9;2;11
79;31.07. 05:00–06:00;7;2;9
80;31.07. 05:00–06:00;7;2;9
81;31.07. 05:00–06:00;4;1;5
82;31.07. 05:00–06:00;8;1;9
83;31.07. 05:00–06:00;7;3;10
84;31.07. 05:00–06:00;8;0;8
85;31.07. 05:00–06:00;6;4;10
86;31.07. 05:00–06:00;4;1;5
87;31.07. 05:00–06:00;5;0;5
88;31.07. 05:00–06:00;10;3;13
89;31.07. 05:00–06:00;5;0;5
90;31.07. 05:00–06:00;4;2;6
91;31.07. 05:00–06:00;4;0;4
92;31.07. 05:00–06:00;6;0;6
93;31.07. 05:00–06:00;5;1;6
94;31.07. 05:00–06:00;5;1;6
95;31.07. 05:00–06:00;2;1;3
96;31.07. 05:00–06:00;10;2;12
97;31.07. 05:00–06:00;7;0;7
98;31.07. 05:00–06:00;4;2;6
99;31.07. 05:00–06:00;8;0;8
0;31.07. 06:00–07:00;2;4;6
1;31.07. 06:00–07:00;1;3;4
2;31.07. 06:00–07:00;5;1;6
3;31.07. 06:00–07:00;1;5;6
4;31.07. 06:00–07:00;2;5;7
5;31.07. 06:00–07:00;0;2;2
6;31.07. 06:00–07:00;0;3;3
7;31.07. 06:00–07:00;1;6;7
8;31.07. 06:00–07:00;2;3;5
9;31.07. 06:00–07:00;4;6;10
10;31.07. 06:00–07:00;0;0;0
11;31.07. 06:00–07:00;2;1;3
12;31.07. 06:00–07:00;1;2;3
13;31.07. 06:00–07:00;3;1;4
14;31.07. 06:00–07:00;4;2;6
15;31.07. 06:00–07:00;1;6;7
16;31.07. 06:00–07:00;4;6;10
17;31.07. 06:00–07:00;2;5;7
18;31.07. 06:00–07:00;0;1;1
19;31.07. 06:00–07:00;1;5;6
20;31.07. 06:00–07:00;0;1;1
21;31.07. 06:00–07:00;1;3;4
22;31.07. 06:00–07:00;2;5;7
23;31.07. 06:00–07:00;2;3;5
24;31.07. 06:00–07:00;2;2;4
25;31.07. 06:00–07:00;1;2;3
26;31.07. 06:00–07:00;1;3;4
27;31.07. 06:00–07:00;3;3;6
28;31.07. 06:00–07:00;2;4;6
29;31.07. 06:00–07:00;0;3;3
30;31.07. 06:00–07:00;2;6;8
31;31.07. 06:00–07:00;3;4;7
32;31.07. 06:00–07:00;0;0;0
33;31.07. 06:00–07:00;1;3;4
34;31.07. 06:00–07:00;0;4;4
35;31.07. 06:00–07:00;1;5;6
36;31.07. 06:00–07:00;3;4;7
37;31.07. 06:00–07:00;1;5;6
38;31.07. 06:00–07:00;2;2;4
39;31.07. 06:00–07:00;0;6;6
40;31.07. 06:00–07:00;1;2;3
41;31.07. 06:00–07:00;1;5;6
42;31.07. 06:00–07:00;2;5;7
43;31.07. 06:00–07:00;2;1;3
44;31.07. 06:00–07:00;2;1;3
45;31.07. 06:00–07:00;3;4;7
46;31.07. 06:00–07:00;3;5;8
47;31.07. 06:00–07:00;3;2;5
48;31.07. 06:00–07:00;5;4;9
49;31.07. 06:00–07:00;3;1;4
50;31.07. 06:00–07:00;3;3;6
51;31.07. 06:00–07:00;0;5;5
52;31.07. 06:00–07:00;1;3;4
53;31.07. 06:00–07:00;4;3;7
54;31.07. 06:00–07:00;0;2;2
55;31.07. 06:00–07:00;3;6;9
56;31.07. 06:00–07:00;2;6;8
57;31.07. 06:00–07:00;1;4;5
58;31.07. 06:00–07:00;1;10;11
59;31.07. 06:00–07:00;4;2;6
60;31.07. 06:00–07:00;3;6;9
61;31.07. 06:00–07:00;4;6;10
62;31.07. 06:00–07:00;3;2;5
63;31.07. 06:00–07:00;1;0;1
64;31.07. 06:00–07:00;1;3;4
65;31.07. 06:00–07:00;1;4;5
66;31.07. 06:00–07:00;1;3;4
67;31.07. 06:00–07:00;1;1;2
68;31.07. 06:00–07:00;2;2;4
69;31.07. 06:00–07:00;2;6;8
70;31.07. 06:00–07:00;1;2;3
71;31.07. 06:00–07:00;1;6;7
72;31.07. 06:00–07:00;2;3;5
73;31.07. 06:00–07:00;5;5;10
74;31.07. 06:00–07:00;2;3;5
75;31.07. 06:00–07:00;1;2;3
76;31.07. 06:00–07:00;3;1;4
77;31.07. 06:00–07:00;1;4;5
78;31.07. 06:00–07:00;4;8;12
79;31.07. 06:00–07:00;0;5;5
80;31.07. 06:00–07:00;2;2;4
81;31.07. 06:00–07:00;1;3;4
82;31.07. 06:00–07:00;1;4;5
83;31.07. 06:00–07:00;2;4;6
84;31.07. 06:00–07:00;3;3;6
85;31.07. 06:00–07:00;4;4;8
86;31.07. 06:00–07:00;3;5;8
87;31.07. 06:00–07:00;0;6;6
88;31.07. 06:00–07:00;2;4;6
89;31.07. 06:00–07:00;1;2;3
90;31.07. 06:00–07:00;2;5;7
91;31.07. 06:00–07:00;5;3;8
92;31.07. 06:00–07:00;3;4;7
93;31.07. 06:00–07:00;4;4;8
94;31.07. 06:00–07:00;1;6;7
95;31.07. 06:00–07:00;1;6;7
96;31.07. 06:00–07:00;5;2;7
97;31.07. 06:00–07:00;2;2;4
98;31.07. 06:00–07:00;1;1;2
99;31.07. 06:00–07:00;6;5;11
0;31.07. 07:00–08:00;0;4;4
1;31.07. 07:00–08:00;0;5;5
2;31.07. 07:00–08:00;0;5;5
3;31.07. 07:00–08:00;0;7;7
4;31.07. 07:00–08:00;0;2;2
5;31.07. 07:00–08:00;0;1;1
6;31.07. 07:00–08:00;0;4;4
7;31.07. 07:00–08:00;0;3;3
8;31.07. 07:00–08:00;0;3;3
9;31.07. 07:00–08:00;0;2;2
10;31.07. 07:00–08:00;0;5;5
11;31.07. 07:00–08:00;0;3;3
12;31.07. 07:00–08:00;0;1;1
13;31.07. 07:00–08:00;0;2;2
14;31.07. 07:00–08:00;0;3;3
15;31.07. 07:00–08:00;0;3;3
16;31.07. 07:00–08:00;0;2;2
17;31.07. 07:00–08:00;0;5;5
18;31.07. 07:00–08:00;0;4;4
19;31.07. 07:00–08:00;0;5;5
20;31.07. 07:00–08:00;0;4;4
21;31.07. 07:00–08:00;0;3;3
22;31.07. 07:00–08:00;0;3;3
23;31.07. 07:00–08:00;0;7;7
24;31.07. 07:00–08:00;0;2;2
25;31.07. 07:00–08:00;0;8;8
26;31.07. 07:00–08:00;0;2;2
27;31.07. 07:00–08:00;0;4;4
28;31.07. 07:00–08:00;0;3;3
29;31.07. 07:00–08:00;0;2;2
30;31.07. 07:00–08:00;0;2;2
31;31.07. 07:00–08:00;0;3;3
32;31.07. 07:00–08:00;0;1;1
33;31.07. 07:00–08:00;0;2;2
34;31.07. 07:00–08:00;0;2;2
35;31.07. 07:00–08:00;0;4;4
36;31.07. 07:00–08:00;0;7;7
37;31.07. 07:00–08:00;0;2;2
38;31.07. 07:00–08:00;0;5;5
39;31.07. 07:00–08:00;0;6;6
40;31.07. 07:00–08:00;0;5;5
41;31.07. 07:00–08:00;0;4;4
42;31.07. 07:00–08:00;0;1;1
43;31.07. 07:00–08:00;0;2;2
44;31.07. 07:00–08:00;0;3;3
45;31.07. 07:00–08:00;0;0;0
46;31.07. 07:00–08:00;0;5;5
47;31.07. 07:00–08:00;0;3;3
48;31.07. 07:00–08:00;0;2;2
49;31.07. 07:00–08:00;0;1;1
50;31.07. 07:00–08:00;0;3;3
51;31.07. 07:00–08:00;0;4;4
52;31.07. 07:00–08:00;0;1;1
53;31.07. 07:00–08:00;0;5;5
54;31.07. 07:00–08:00;0;1;1
55;31.07. 07:00–08:00;0;5;5
56;31.07. 07:00–08:00;0;0;0
57;31.07. 07:00–08:00;0;3;3
58;31.07. 07:00–08:00;0;5;5
59;31.07. 07:00–08:00;0;4;4
60;31.07. 07:00–08:00;0;6;6
61;31.07. 07:00–08:00;0;2;2
62;31.07. 07:00–08:00;0;3;3
63;31.07. 07:00–08:00;0;5;5
64;31.07. 07:00–08:00;0;4;4
65;31.07. 07:00–08:00;0;6;6
66;31.07. 07:00–08:00;0;2;2
67;31.07. 07:00–08:00;0;2;2
68;31.07. 07:00–08:00;0;3;3
69;31.07. 07:00–08:00;0;3;3
70;31.07. 07:00–08:00;0;6;6
71;31.07. 07:00–08:00;0;4;4
72;31.07. 07:00–08:00;0;5;5
73;31.07. 07:00–08:00;0;2;2
74;31.07. 07:00–08:00;0;1;1
75;31.07. 07:00–08:00;0;4;4
76;31.07. 07:00–08:00;0;1;1
77;31.07. 07:00–08:00;0;3;3
78;31.07. 07:00–08:00;0;2;2
79;31.07. 07:00–08:00;0;3;3
80;31.07. 07:00–08:00;0;2;2
81;31.07. 07:00–08:00;0;4;4
82;31.07. 07:00–08:00;0;5;5
83;31.07. 07:00–08:00;0;3;3
84;31.07. 07:00–08:00;0;3;3
85;31.07. 07:00–08:00;0;6;6
86;31.07. 07:00–08:00;0;1;1
87;31.07. 07:00–08:00;0;9;9
88;31.07. 07:00–08:00;0;5;5
89;31.07. 07:00–08:00;0;4;4
90;31.07. 07:00–08:00;0;1;1
91;31.07. 07:00–08:00;0;3;3
92;31.07. 07:00–08:00;0;8;8
93;31.07. 07:00–08:00;0;4;4
94;31.07. 07:00–08:00;0;6;6
95;31.07. 07:00–08:00;0;4;4
96;31.07. 07:00–08:00;0;6;6
97;31.07. 07:00–08:00;0;7;7
98;31.07. 07:00–08:00;0;5;5
99;31.07. 07:00–08:00;0;4;4
0;31.07. 08:00–09:00;5;7;12
1;31.07. 08:00–09:00;4;3;7
2;31.07. 08:00–09:00;1;7;8
3;31.07. 08:00–09:00;1;6;7
4;31.07. 08:00–09:00;3;6;9
5;31.07. 08:00–09:00;2;8;10
6;31.07. 08:00–09:00;4;6;10
7;31.07. 08:00–09:00;2;8;10
8;31.07. 08:00–09:00;4;8;12
9;31.07. 08:00–09:00;3;3;6
10;31.07. 08:00–09:00;4;10;14
11;31.07. 08:00–09:00;2;6;8
12;31.07. 08:00–09:00;1;11;12
13;31.07. 08:00–09:00;5;5;10
14;31.07. 08:00–09:00;2;8;10
15;31.07. 08:00–09:00;1;7;8
16;31.07. 08:00–09:00;3;6;9
17;31.07. 08:00–09:00;2;9;11
18;31.07. 08:00–09:00;0;6;6
19;31.07. 08:00–09:00;0;6;6
20;31.07. 08:00–09:00;2;7;9
21;31.07. 08:00–09:00;4;6;10
22;31.07. 08:00–09:00;2;11;13
23;31.07. 08:00–09:00;3;14;17
24;31.07. 08:00–09:00;4;13;17
25;31.07. 08:00–09:00;1;9;10
26;31.07. 08:00–09:00;3;7;10
27;31.07. 08:00–09:00;1;6;7
28;31.07. 08:00–09:00;2;7;9
29;31.07. 08:00–09:00;6;8;14
30;31.07. 08:00–09:00;2;8;10
31;31.07. 08:00–09:00;3;15;18
32;31.07. 08:00–09:00;5;12;17
33;31.07. 08:00–09:00;2;5;7
34;31.07. 08:00–09:00;1;10;11
35;31.07. 08:00–09:00;3;7;10
36;31.07. 08:00–09:00;1;10;11
37;31.07. 08:00–09:00;1;6;7
38;31.07. 08:00–09:00;5;9;14
39;31.07. 08:00–09:00;3;8;11
40;31.07. 08:00–09:00;2;11;13
41;31.07. 08:00–09:00;6;7;13
42;31.07. 08:00–09:00;3;6;9
43;31.07. 08:00–09:00;3;8;11
44;31.07. 08:00–09:00;2;7;9
45;31.07. 08:00–09:00;5;7;12
46;31.07. 08:00–09:00;3;11;14
47;31.07. 08:00–09:00;1;10;11
48;31.07. 08:00–09:00;1;6;7
49;31.07. 08:00–09:00;2;8;10
50;31.07. 08:00–09:00;1;12;13
51;31.07. 08:00–09:00;4;8;12
52;31.07. 08:00–09:00;2;4;6
53;31.07. 08:00–09:00;3;4;7
54;31.07. 08:00–09:00;3;13;16
55;31.07. 08:00–09:00;1;8;9
56;31.07. 08:00–09:00;4;6;10
57;31.07. 08:00–09:00;2;11;13
58;31.07. 08:00–09:00;4;5;9
59;31.07. 08:00–09:00;4;11;15
60;31.07. 08:00–09:00;0;5;5
61;31.07. 08:00–09:00;0;7;7
62;31.07. 08:00–09:00;2;8;10
63;31.07. 08:00–09:00;2;7;9
64;31.07. 08:00–09:00;3;6;9
65;31.07. 08:00–09:00;2;4;6
66;31.07. 08:00–09:00;1;7;8
67;31.07. 08:00–09:00;4;7;11
68;31.07. 08:00–09:00;5;5;10
69;31.07. 08:00–09:00;3;4;7
70;31.07. 08:00–09:00;3;3;6
71;31.07. 08:00–09:00;3;7;10
72;31.07. 08:00–09:00;1;6;7
73;31.07. 08:00–09:00;2;3;5
74;31.07. 08:00–09:00;2;5;7
75;31.07. 08:00–09:00;2;10;12
76;31.07. 08:00–09:00;4;4;8
77;31.07. 08:00–09:00;3;10;13
78;31.07. 08:00–09:00;1;3;4
79;31.07. 08:00–09:00;2;4;6
80;31.07. 08:00–09:00;3;9;12
81;31.07. 08:00–09:00;2;9;11
82;31.07. 08:00–09:00;1;5;6
83;31.07. 08:00–09:00;5;9;14
84;31.07. 08:00–09:00;1;3;4
85;31.07. 08:00–09:00;4;4;8
86;31.07. 08:00–09:00;2;4;6
87;31.07. 08:00–09:00;3;8;11
88;31.07. 08:00–09:00;3;10;13
89;31.07. 08:00–09:00;0;8;8
90;31.07. 08:00–09:00;3;6;9
91;31.07. 08:00–09:00;2;12;14
92;31.07. 08:00–09:00;1;4;5
93;31.07. 08:00–09:00;4;3;7
94;31.07. 08:00–09:00;0;13;13
95;31.07. 08:00–09:00;0;4;4
96;31.07. 08:00–09:00;8;9;17
97;31.07. 08:00–09:00;4;6;10
98;31.07. 08:00–09:00;3;9;12
99;31.07. 08:00–09:00;6;5;11
0;31.07. 09:00–10:00;3;8;11
1;31.07. 09:00–10:00;5;6;11
2;31.07. 09:00–10:00;4;12;16
3;31.07. 09:00–10:00;3;10;13
4;31.07. 09:00–10:00;3;13;16
5;31.07. 09:00–10:00;1;8;9
6;31.07. 09:00–10:00;6;8;14
7;31.07. 09:00–10:00;3;8;11
8;31.07. 09:00–10:00;11;16;27
9;31.07. 09:00–10:00;7;11;18
10;31.07. 09:00–10:00;3;9;12
11;31.07. 09:00–10:00;4;14;18
12;31.07. 09:00–10:00;3;10;13
13;31.07. 09:00–10:00;1;7;8
14;31.07. 09:00–10:00;3;19;22
15;31.07. 09:00–10:00;4;12;16
16;31.07. 09:00–10:00;1;13;14
17;31.07. 09:00–10:00;6;9;15
18;31.07. 09:00–10:00;3;9;12
19;31.07. 09:00–10:00;2;18;20
20;31.07. 09:00–10:00;3;10;13
21;31.07. 09:00–10:00;4;14;18
22;31.07. 09:00–10:00;4;9;13
23;31.07. 09:00–10:00;3;13;16
24;31.07. 09:00–10:00;4;10;14
25;31.07. 09:00–10:00;1;14;15
26;31.07. 09:00–10:00;5;11;16
27;31.07. 09:00–10:00;3;7;10
28;31.07. 09:00–10:00;2;9;11
29;31.07. 09:00–10:00;5;14;19
30;31.07. 09:00–10:00;2;13;15
31;31.07. 09:00–10:00;4;12;16
32;31.07. 09:00–10:00;5;11;16
33;31.07. 09:00–10:00;0;12;12
34;31.07. 09:00–10:00;4;10;14
35;31.07. 09:00–10:00;2;12;14
36;31.07. 09:00–10:00;6;9;15
37;31.07. 09:00–10:00;1;12;13
38;31.07. 09:00–10:00;1;12;13
39;31.07. 09:00–10:00;3;7;10
40;31.07. 09:00–10:00;4;15;19
41;31.07. 09:00–10:00;5;14;19
42;31.07. 09:00–10:00;3;13;16
43;31.07. 09:00–10:00;1;9;10
44;31.07. 09:00–10:00;4;7;11
45;31.07. 09:00–10:00;1;7;8
46;31.07. 09:00–10:00;6;15;21
47;31.07. 09:00–10:00;2;7;9
48;31.07. 09:00–10:00;3;15;18
49;31.07. 09:00–10:00;8;14;22
50;31.07. 09:00–10:00;3;11;14
51;31.07. 09:00–10:00;6;11;17
52;31.07. 09:00–10:00;6;11;17
53;31.07. 09:00–10:00;4;9;13
54;31.07. 09:00–10:00;5;7;12
55;31.07. 09:00–10:00;1;7;8
56;31.07. 09:00–10:00;4;13;17
57;31.07. 09:00–10:00;2;18;20
58;31.07. 09:00–10:00;6;12;18
59;31.07. 09:00–10:00;2;4;6
60;31.07. 09:00–10:00;3;9;12
61;31.07. 09:00–10:00;7;9;16
62;31.07. 09:00–10:00;2;17;19
63;31.07. 09:00–10:00;3;5;8
64;31.07. 09:00–10:00;3;8;11
65;31.07. 09:00–10:00;3;13;16
66;31.07. 09:00–10:00;2;10;12
67;31.07. 09:00–10:00;6;9;15
68;31.07. 09:00–10:00;2;13;15
69;31.07. 09:00–10:00;2;11;13
70;31.07. 09:00–10:00;6;13;19
71;31.07. 09:00–10:00;3;7;10
72;31.07. 09:00–10:00;5;13;18
73;31.07. 09:00–10:00;4;13;17
74;31.07. 09:00–10:00;1;14;15
75;31.07. 09:00–10:00;5;15;20
76;31.07. 09:00–10:00;4;10;14
77;31.07. 09:00–10:00;2;9;11
78;31.07. 09:00–10:00;1;14;15
79;31.07. 09:00–10:00;5;13;18
80;31.07. 09:00–10:00;0;7;7
81;31.07. 09:00–10:00;5;16;21
82;31.07. 09:00–10:00;7;10;17
83;31.07. 09:00–10:00;2;14;16
84;31.07. 09:00–10:00;4;7;11
85;31.07. 09:00–10:00;3;13;16
86;31.07. 09:00–10:00;4;8;12
87;31.07. 09:00–10:00;2;17;19
88;31.07. 09:00–10:00;2;12;14
89;31.07. 09:00–10:00;2;19;21
90;31.07. 09:00–10:00;2;12;14
91;31.07. 09:00–10:00;4;9;13
92;31.07. 09:00–10:00;2;6;8
93;31.07. 09:00–10:00;1;11;12
94;31.07. 09:00–10:00;5;13;18
95;31.07. 09:00–10:00;5;11;16
96;31.07. 09:00–10:00;6;8;14
97;31.07. 09:00–10:00;6;5;11
98;31.07. 09:00–10:00;3;10;13
99;31.07. 09:00–10:00;4;7;11
0;31.07. 10:00–11:00;8;8;16
1;31.07. 10:00–11:00;5;9;14
2;31.07. 10:00–11:00;2;11;13
3;31.07. 10:00–11:00;5;10;15
4;31.07. 10:00–11:00;10;9;19
5;31.07. 10:00–11:00;9;11;20
6;31.07. 10:00–11:00;1;4;5
7;31.07. 10:00–11:00;6;9;15
8;31.07. 10:00–11:00;6;12;18
9;31.07. 10:00–11:00;5;10;15
10;31.07. 10:00–11:00;2;15;17
11;31.07. 10:00–11:00;6;9;15
12;31.07. 10:00–11:00;8;6;14
13;31.07. 10:00–11:00;4;8;12
14;31.07. 10:00–11:00;7;6;13
15;31.07. 10:00–11:00;5;4;9
16;31.07. 10:00–11:00;4;7;11
17;31.07. 10:00–11:00;5;8;13
18;31.07. 10:00–11:00;3;9;12
19;31.07. 10:00–11:00;4;15;19
20;31.07. 10:00–11:00;8;3;11
21;31.07. 10:00–11:00;4;10;14
22;31.07. 10:00–11:00;4;10;14
23;31.07. 10:00–11:00;6;9;15
24;31.07. 10:00–11:00;9;11;20
25;31.07. 10:00–11:00;5;13;18
26;31.07. 10:00–11:00;3;8;11
27;31.07. 10:00–11:00;5;14;19
28;31.07. 10:00–11:00;5;18;23
29;31.07. 10:00–11:00;2;8;10
30;31.07. 10:00–11:00;5;9;14
31;31.07. 10:00–11:00;9;11;20
32;31.07. 10:00–11:00;1;9;10
33;31.07. 10:00–11:00;3;8;11
34;31.07. 10:00–11:00;4;14;18
35;31.07. 10:00–11:00;3;8;11
36;31.07. 10:00–11:00;6;10;16
37;31.07. 10:00–11:00;5;7;12
38;31.07. 10:00–11:00;3;7;10
39;31.07. 10:00–11:00;5;8;13
40;31.07. 10:00–11:00;12;6;18
41;31.07. 10:00–11:00;5;8;13
42;31.07. 10:00–11:00;4;7;11
43;31.07. 10:00–11:00;5;6;11
44;31.07. 10:00–11:00;5;4;9
45;31.07. 10:00–11:00;6;10;16
46;31.07. 10:00–11:00;6;8;14
47;31.07. 10:00–11:00;5;3;8
48;31.07. 10:00–11:00;7;8;15
49;31.07. 10:00–11:00;4;8;12
50;31.07. 10:00–11:00;6;16;22
51;31.07. 10:00–11:00;4;14;18
52;31.07. 10:00–11:00;7;5;12
53;31.07. 10:00–11:00;4;12;16
54;31.07. 10:00–11:00;4;8;12
55;31.07. 10:00–11:00;5;9;14
56;31.07. 10:00–11:00;4;13;17
57;31.07. 10:00–11:00;3;8;11
58;31.07. 10:00–11:00;7;14;21
59;31.07. 10:00–11:00;4;13;17
60;31.07. 10:00–11:00;9;12;21
61;31.07. 10:00–11:00;5;9;14
62;31.07. 10:00–11:00;4;7;11
63;31.07. 10:00–11:00;8;6;14
64;31.07. 10:00–11:00;10;18;28
65;31.07. 10:00–11:00;2;13;15
66;31.07. 10:00–11:00;3;6;9
67;31.07. 10:00–11:00;5;7;12
68;31.07. 10:00–11:00;3;8;11
69;31.07. 10:00–11:00;1;12;13
70;31.07. 10:00–11:00;6;6;12
71;31.07. 10:00–11:00;4;13;17
72;31.07. 10:00–11:00;6;10;16
73;31.07. 10:00–11:00;6;10;16
74;31.07. 10:00–11:00;3;12;15
75;31.07. 10:00–11:00;5;12;17
76;31.07. 10:00–11:00;3;11;14
77;31.07. 10:00–11:00;8;10;18
78;31.07. 10:00–11:00;5;9;14
79;31.07. 10:00–11:00;5;8;13
80;31.07. 10:00–11:00;6;10;16
81;31.07. 10:00–11:00;7;7;14
82;31.07. 10:00–11:00;6;8;14
83;31.07. 10:00–11:00;8;12;20
84;31.07. 10:00–11:00;3;7;10
85;31.07. 10:00–11:00;3;4;7
86;31.07. 10:00–11:00;5;9;14
87;31.07. 10:00–11:00;7;12;19
88;31.07. 10:00–11:00;5;8;13
89;31.07. 10:00–11:00;2;9;11
90;31.07. 10:00–11:00;4;7;11
91;31.07. 10:00–11:00;2;16;18
92;31.07. 10:00–11:00;6;9;15
93;31.07. 10:00–11:00;7;8;15
94;31.07. 10:00–11:00;9;12;21
95;31.07. 10:00–11:00;3;7;10
96;31.07. 10:00–11:00;7;8;15
97;31.07. 10:00–11:00;8;11;19
98;31.07. 10:00–11:00;6;11;17
99;31.07. 10:00–11:00;5;9;14
0;31.07. 11:00–12:00;16;4;20
1;31.07. 11:00–12:00;21;4;25
2;31.07. 11:00–12:00;15;6;21
3;31.07. 11:00–12:00;18;5;23
4;31.07. 11:00–12:00;11;4;15
5;31.07. 11:00–12:00;13;4;17
6;31.07. 11:00–12:00;13;5;18
7;31.07. 11:00–12:00;7;3;10
8;31.07. 11:00–12:00;16;4;20
9;31.07. 11:00–12:00;13;3;16
10;31.07. 11:00–12:00;16;3;19
11;31.07. 11:00–12:00;16;8;24
12;31.07. 11:00–12:00;20;3;23
13;31.07. 11:00–12:00;19;4;23
14;31.07. 11:00–12:00;11;5;16
15;31.07. 11:00–12:00;11;6;17
16;31.07. 11:00–12:00;9;5;14
17;31.07. 11:00–12:00;14;3;17
18;31.07. 11:00–12:00;11;4;15
19;31.07. 11:00–12:00;10;4;14
20;31.07. 11:00–12:00;11;4;15
21;31.07. 11:00–12:00;11;4;15
22;31.07. 11:00–12:00;14;6;20
23;31.07. 11:00–12:00;15;3;18
24;31.07. 11:00–12:00;12;10;22
25;31.07. 11:00–12:00;15;2;17
26;31.07. 11:00–12:00;14;3;17
27;31.07. 11:00–12:00;13;7;20
28;31.07. 11:00–12:00;17;4;21
29;31.07. 11:00–12:00;15;6;21
30;31.07. 11:00–12:00;11;3;14
31;31.07. 11:00–12:00;17;6;23
32;31.07. 11:00–12:00;11;6;17
33;31.07. 11:00–12:00;13;2;15
34;31.07. 11:00–12:00;21;8;29
35;31.07. 11:00–12:00;5;5;10
36;31.07. 11:00–12:00;17;4;21
37;31.07. 11:00–12:00;14;3;17
38;31.07. 11:00–12:00;10;5;15
39;31.07. 11:00–12:00;13;8;21
40;31.07. 11:00–12:00;16;4;20
41;31.07. 11:00–12:00;11;6;17
42;31.07. 11:00–12:00;17;3;20
43;31.07. 11:00–12:00;18;6;24
44;31.07. 11:00–12:00;10;3;13
45;31.07. 11:00–12:00;17;2;19
46;31.07. 11:00–12:00;12;3;15
47;31.07. 11:00–12:00;14;6;20
48;31.07. 11:00–12:00;19;3;22
49;31.07. 11:00–12:00;11;0;11
50;31.07. 11:00–12:00;14;4;18
51;31.07. 11:00–12:00;14;5;19
52;31.07. 11:00–12:00;10;3;13
53;31.07. 11:00–12:00;12;6;18
54;31.07. 11:00–12:00;18;6;24
55;31.07. 11:00–12:00;14;4;18
56;31.07. 11:00–12:00;17;7;24
57;31.07. 11:00–12:00;9;3;12
58;31.07. 11:00–12:00;13;2;15
59;31.07. 11:00–12:00;14;3;17
60;31.07. 11:00–12:00;12;3;15
61;31.07. 11:00–12:00;10;4;14
62;31.07. 11:00–12:00;19;8;27
63;31.07. 11:00–12:00;12;4;16
64;31.07. 11:00–12:00;15;1;16
65;31.07. 11:00–12:00;16;4;20
66;31.07. 11:00–12:00;17;5;22
67;31.07. 11:00–12:00;10;6;16
68;31.07. 11:00–12:00;17;3;20
69;31.07. 11:00–12:00;7;4;11
70;31.07. 11:00–12:00;12;8;20
71;31.07. 11:00–12:00;18;4;22
72;31.07. 11:00–12:00;16;4;20
73;31.07. 11:00–12:00;12;2;14
74;31.07. 11:00–12:00;12;9;21
75;31.07. 11:00–12:00;11;8;19
76;31.07. 11:00–12:00;10;8;18
77;31.07. 11:00–12:00;11;4;15
78;31.07. 11:00–12:00;13;3;16
79;31.07. 11:00–12:00;15;5;20
80;31.07. 11:00–12:00;13;5;18
81;31.07. 11:00–12:00;14;7;21
82;31.07. 11:00–12:00;14;2;16
83;31.07. 11:00–12:00;7;2;9
84;31.07. 11:00–12:00;11;4;15
85;31.07. 11:00–12:00;20;2;22
86;31.07. 11:00–12:00;17;6;23
87;31.07. 11:00–12:00;9;4;13
88;31.07. 11:00–12:00;12;6;18
89;31.07. 11:00–12:00;12;0;12
90;31.07. 11:00–12:00;13;4;17
91;31.07. 11:00–12:00;14;5;19
92;31.07. 11:00–12:00;17;3;20
93;31.07. 11:00–12:00;14;3;17
94;31.07. 11:00–12:00;15;2;17
95;31.07. 11:00–12:00;16;3;19
96;31.07. 11:00–12:00;14;2;16
97;31.07. 11:00–12:00;15;4;19
98;31.07. 11:00–12:00;15;8;23
99;31.07. 11:00–12:00;11;12;23
0;31.07. 12:00–13:00;9;4;13
1;31.07. 12:00–13:00;6;3;9
2;31.07. 12:00–13:00;6;1;7
3;31.07. 12:00–13:00;12;2;14
4;31.07. 12:00–13:00;4;1;5
5;31.07. 12:00–13:00;8;3;11
6;31.07. 12:00–13:00;15;1;16
7;31.07. 12:00–13:00;12;3;15
8;31.07. 12:00–13:00;7;2;9
9;31.07. 12:00–13:00;4;6;10
10;31.07. 12:00–13:00;6;1;7
11;31.07. 12:00–13:00;8;1;9
12;31.07. 12:00–13:00;11;3;14
13;31.07. 12:00–13:00;8;2;10
14;31.07. 12:00–13:00;11;0;11
15;31.07. 12:00–13:00;13;2;15
16;31.07. 12:00–13:00;4;2;6
17;31.07. 12:00–13:00;9;6;15
18;31.07. 12:00–13:00;10;4;14
19;31.07. 12:00–13:00;8;2;10
20;31.07. 12:00–13:00;7;4;11
21;31.07. 12:00–13:00;5;1;6
22;31.07. 12:00–13:00;11;2;13
23;31.07. 12:00–13:00;14;3;17
24;31.07. 12:00–13:00;8;9;17
25;31.07. 12:00–13:00;6;4;10
26;31.07. 12:00–13:00;9;1;10
27;31.07. 12:00–13:00;6;4;10
28;31.07. 12:00–13:00;8;5;13
29;31.07. 12:00–13:00;9;1;10
30;31.07. 12:00–13:00;11;2;13
31;31.07. 12:00–13:00;9;0;9
32;31.07. 12:00–13:00;11;4;15
33;31.07. 12:00–13:00;14;5;19
34;31.07. 12:00–13:00;7;1;8
35;31.07. 12:00–13:00;10;3;13
36;31.07. 12:00–13:00;12;4;16
37;31.07. 12:00–13:00;12;5;17
38;31.07. 12:00–13:00;8;2;10
39;31.07. 12:00–13:00;4;3;7
40;31.07. 12:00–13:00;5;4;9
41;31.07. 12:00–13:00;16;3;19
42;31.07. 12:00–13:00;5;6;11
43;31.07. 12:00–13:00;8;6;14
44;31.07. 12:00–13:00;10;1;11
45;31.07. 12:00–13:00;6;2;8
46;31.07. 12:00–13:00;12;1;13
47;31.07. 12:00–13:00;11;3;14
48;31.07. 12:00–13:00;3;2;5
49;31.07. 12:00–13:00;12;1;13
50;31.07. 12:00–13:00;9;4;13
51;31.07. 12:00–13:00;9;1;10
52;31.07. 12:00–13:00;8;4;12
53;31.07. 12:00–13:00;14;4;18
54;31.07. 12:00–13:00;8;4;12
55;31.07. 12:00–13:00;12;2;14
56;31.07. 12:00–13:00;9;2;11
57;31.07. 12:00–13:00;6;3;9
58;31.07. 12:00–13:00;13;2;15
59;31.07. 12:00–13:00;6;2;8
60;31.07. 12:00–13:00;6;1;7
61;31.07. 12:00–13:00;9;5;14
62;31.07. 12:00–13:00;5;4;9
63;31.07. 12:00–13:00;6;2;8
64;31.07. 12:00–13:00;2;3;5
65;31.07. 12:00–13:00;13;2;15
66;31.07. 12:00–13:00;6;1;7
67;31.07. 12:00–13:00;9;9;18
68;31.07. 12:00–13:00;8;3;11
69;31.07. 12:00–13:00;3;8;11
70;31.07. 12:00–13:00;6;1;7
71;31.07. 12:00–13:00;8;1;9
72;31.07. 12:00–13:00;8;4;12
73;31.07. 12:00–13:00;8;4;12
74;31.07. 12:00–13:00;10;5;15
75;31.07. 12:00–13:00;7;3;10
76;31.07. 12:00–13:00;6;3;9
77;31.07. 12:00–13:00;12;4;16
78;31.07. 12:00–13:00;3;4;7
79;31.07. 12:00–13:00;7;4;11
80;31.07. 12:00–13:00;4;4;8
81;31.07. 12:00–13:00;7;4;11
82;31.07. 12:00–13:00;9;4;13
83;31.07. 12:00–13:00;7;2;9
84;31.07. 12:00–13:00;5;3;8
85;31.07. 12:00–13:00;4;4;8
86;31.07. 12:00–13:00;14;2;16
87;31.07. 12:00–13:00;10;0;10
88;31.07. 12:00–13:00;3;5;8
89;31.07. 12:00–13:00;9;5;14
90;31.07. 12:00–13:00;5;3;8
91;31.07. 12:00–13:00;9;3;12
92;31.07. 12:00–13:00;6;4;10
93;31.07. 12:00–13:00;13;3;16
94;31.07. 12:00–13:00;10;2;12
95;31.07. 12:00–13:00;11;0;11
96;31.07. 12:00–13:00;8;1;9
97;31.07. 12:00–13:00;3;1;4
98;31.07. 12:00–13:00;11;4;15
99;31.07. 12:00–13:00;11;2;13
0;31.07. 13:00–14:00;10;5;15
1;31.07. 13:00–14:00;9;7;16
2;31.07. 13:00–14:00;12;4;16
3;31.07. 13:00–14:00;5;7;12
4;31.07. 13:00–14:00;10;1;11
5;31.07. 13:00–14:00;6;6;12
6;31.07. 13:00–14:00;6;4;10
7;31.07. 13:00–14:00;7;4;11
8;31.07. 13:00–14:00;10;6;16
9;31.07. 13:00–14:00;17;9;26
10;31.07. 13:00–14:00;10;8;18
11;31.07. 13:00–14:00;10;4;14
12;31.07. 13:00–14:00;9;4;13
13;31.07. 13:00–14:00;16;5;21
14;31.07. 13:00–14:00;13;5;18
15;31.07. 13:00–14:00;10;2;12
16;31.07. 13:00–14:00;13;5;18
17;31.07. 13:00–14:00;13;7;20
18;31.07. 13:00–14:00;7;6;13
19;31.07. 13:00–14:00;8;6;14
20;31.07. 13:00–14:00;12;6;18
21;31.07. 13:00–14:00;9;5;14
22;31.07. 13:00–14:00;6;6;12
23;31.07. 13:00–14:00;11;3;14
24;31.07. 13:00–14:00;6;9;15
25;31.07. 13:00–14:00;12;7;19
26;31.07. 13:00–14:00;14;9;23
27;31.07. 13:00–14:00;13;9;22
28;31.07. 13:00–14:00;13;6;19
29;31.07. 13:00–14:00;10;4;14
30;31.07. 13:00–14:00;10;5;15
31;31.07. 13:00–14:00;9;3;12
32;31.07. 13:00–14:00;8;3;11
33;31.07. 13:00–14:00;11;5;16
34;31.07. 13:00–14:00;7;7;14
35;31.07. 13:00–14:00;11;7;18
36;31.07. 13:00–14:00;11;5;16
37;31.07. 13:00–14:00;9;3;12
38;31.07. 13:00–14:00;14;5;19
39;31.07. 13:00–14:00;9;5;14
40;31.07. 13:00–14:00;10;3;13
41;31.07. 13:00–14:00;7;4;11
42;31.07. 13:00–14:00;9;8;17
43;31.07. 13:00–14:00;8;3;11
44;31.07. 13:00–14:00;8;5;13
45;31.07. 13:00–14:00;4;9;13
46;31.07. 13:00–14:00;9;14;23
47;31.07. 13:00–14:00;14;2;16
48;31.07. 13:00–14:00;10;3;13
49;31.07. 13:00–14:00;9;4;13
50;31.07. 13:00–14:00;8;6;14
51;31.07. 13:00–14:00;9;11;20
52;31.07. 13:00–14:00;14;3;17
53;31.07. 13:00–14:00;9;7;16
54;31.07. 13:00–14:00;7;7;14
55;31.07. 13:00–14:00;8;5;13
56;31.07. 13:00–14:00;7;4;11
57;31.07. 13:00–14:00;12;5;17
58;31.07. 13:00–14:00;13;7;20
59;31.07. 13:00–14:00;8;5;13
60;31.07. 13:00–14:00;12;8;20
61;31.07. 13:00–14:00;8;5;13
62;31.07. 13:00–14:00;7;5;12
63;31.07. 13:00–14:00;13;9;22
64;31.07. 13:00–14:00;8;8;16
65;31.07. 13:00–14:00;4;10;14
66;31.07. 13:00–14:00;6;6;12
67;31.07. 13:00–14:00;8;6;14
68;31.07. 13:00–14:00;13;7;20
69;31.07. 13:00–14:00;12;6;18
70;31.07. 13:00–14:00;11;6;17
71;31.07. 13:00–14:00;10;4;14
72;31.07. 13:00–14:00;15;4;19
73;31.07. 13:00–14:00;11;6;17
74;31.07. 13:00–14:00;17;4;21
75;31.07. 13:00–14:00;13;7;20
76;31.07. 13:00–14:00;16;8;24
77;31.07. 13:00–14:00;12;3;15
78;31.07. 13:00–14:00;10;3;13
79;31.07. 13:00–14:00;8;5;13
80;31.07. 13:00–14:00;12;6;18
81;31.07. 13:00–14:00;12;4;16
82;31.07. 13:00–14:00;11;3;14
83;31.07. 13:00–14:00;6;4;10
84;31.07. 13:00–14:00;10;9;19
85;31.07. 13:00–14:00;13;4;17
86;31.07. 13:00–14:00;7;10;17
87;31.07. 13:00–14:00;16;10;26
88;31.07. 13:00–14:00;10;5;15
89;31.07. 13:00–14:00;14;4;18
90;31.07. 13:00–14:00;13;2;15
91;31.07. 13:00–14:00;18;4;22
92;31.07. 13:00–14:00;9;10;19
93;31.07. 13:00–14:00;12;7;19
94;31.07. 13:00–14:00;6;6;12
95;31.07. 13:00–14:00;16;7;23
96;31.07. 13:00–14:00;11;5;16
97;31.07. 13:00–14:00;8;8;16
98;31.07. 13:00–14:00;9;1;10
99;31.07. 13:00–14:00;12;14;26
0;31.07. 14:00–15:00;2;7;9
1;31.07. 14:00–15:00;1;6;7
2;31.07. 14:00–15:00;3;8;11
3;31.07. 14:00–15:00;4;13;17
4;31.07. 14:00–15:00;4;9;13
5;31.07. 14:00–15:00;2;14;16
6;31.07. 14:00–15:00;1;17;18
7;31.07. 14:00–15:00;2;12;14
8;31.07. 14:00–15:00;5;13;18
9;31.07. 14:00–15:00;4;13;17
10;31.07. 14:00–15:00;1;9;10
11;31.07. 14:00–15:00;2;11;13
12;31.07. 14:00–15:00;1;11;12
13;31.07. 14:00–15:00;2;8;10
14;31.07. 14:00–15:00;2;10;12
15;31.07. 14:00–15:00;1;16;17
16;31.07. 14:00–15:00;0;16;16
17;31.07. 14:00–15:00;2;10;12
18;31.07. 14:00–15:00;1;13;14
19;31.07. 14:00–15:00;2;14;16
20;31.07. 14:00–15:00;3;12;15
21;31.07. 14:00–15:00;4;14;18
22;31.07. 14:00–15:00;1;9;10
23;31.07. 14:00–15:00;1;7;8
24;31.07. 14:00–15:00;3;9;12
25;31.07. 14:00–15:00;1;13;14
26;31.07. 14:00–15:00;2;11;13
27;31.07. 14:00–15:00;0;16;16
28;31.07. 14:00–15:00;1;8;9
29;31.07. 14:00–15:00;1;11;12
30;31.07. 14:00–15:00;1;17;18
31;31.07. 14:00–15:00;1;13;14
32;31.07. 14:00–15:00;4;8;12
33;31.07. 14:00–15:00;2;16;18
34;31.07. 14:00–15:00;2;14;16
35;31.07. 14:00–15:00;4;11;15
36;31.07. 14:00–15:00;0;14;14
37;31.07. 14:00–15:00;2;8;10
38;31.07. 14:00–15:00;1;13;14
39;31.07. 14:00–15:00;1;8;9
40;31.07. 14:00–15:00;2;15;17
41;31.07. 14:00–15:00;3;9;12
42;31.07. 14:00–15:00;3;10;13
43;31.07. 14:00–15:00;5;10;15
44;31.07. 14:00–15:00;0;13;13
45;31.07. 14:00–15:00;3;8;11
46;31.07. 14:00–15:00;2;7;9
47;31.07. 14:00–15:00;1;11;12
48;31.07. 14:00–15:00;2;6;8
49;31.07. 14:00–15:00;1;14;15
50;31.07. 14:00–15:00;1;6;7
51;31.07. 14:00–15:00;4;10;14
52;31.07. 14:00–15:00;1;11;12
53;31.07. 14:00–15:00;0;13;13
54;31.07. 14:00–15:00;0;10;10
55;31.07. 14:00–15:00;3;14;17
56;31.07. 14:00–15:00;4;8;12
57;31.07. 14:00–15:00;0;19;19
58;31.07. 14:00–15:00;2;17;19
59;31.07. 14:00–15:00;0;19;19
60;31.07. 14:00–15:00;4;17;21
61;31.07. 14:00–15:00;5;12;17
62;31.07. 14:00–15:00;2;9;11
63;31.07. 14:00–15:00;5;5;10
64;31.07. 14:00–15:00;0;6;6
65;31.07. 14:00–15:00;5;5;10
66;31.07. 14:00–15:00;0;5;5
67;31.07. 14:00–15:00;1;17;18
68;31.07. 14:00–15:00;9;17;26
69;31.07. 14:00–15:00;2;16;18
70;31.07. 14:00–15:00;1;6;7
71;31.07. 14:00–15:00;0;8;8
72;31.07. 14:00–15:00;3;8;11
73;31.07. 14:00–15:00;1;14;15
74;31.07. 14:00–15:00;1;16;17
75;31.07. 14:00–15:00;2;10;12
76;31.07. 14:00–15:00;3;15;18
77;31.07. 14:00–15:00;0;9;9
78;31.07. 14:00–15:00;4;8;12
79;31.07. 14:00–15:00;2;9;11
80;31.07. 14:00–15:00;3;15;18
81;31.07. 14:00–15:00;0;16;16
82;31.07. 14:00–15:00;0;8;8
83;31.07. 14:00–15:00;1;11;12
84;31.07. 14:00–15:00;0;11;11
85;31.07. 14:00–15:00;3;17;20
86;31.07. 14:00–15:00;2;9;11
87;31.07. 14:00–15:00;1;12;13
88;31.07. 14:00–15:00;3;10;13
89;31.07. 14:00–15:00;3;9;12
90;31.07. 14:00–15:00;1;11;12
91;31.07. 14:00–15:00;3;7;10
92;31.07. 14:00–15:00;2;12;14
93;31.07. 14:00–15:00;2;11;13
94;31.07. 14:00–15:00;3;9;12
95;31.07. 14:00–15:00;4;13;17
96;31.07. 14:00–15:00;1;9;10
97;31.07. 14:00–15:00;1;12;13
98;31.07. 14:00–15:00;2;14;16
99;31.07. 14:00–15:00;2;13;15
0;31.07. 15:00–16:00;3;5;8
1;31.07. 15:00–16:00;3;8;11
2;31.07. 15:00–16:00;7;10;17
3;31.07. 15:00–16:00;4;12;16
4;31.07. 15:00–16:00;4;10;14
5;31.07. 15:00–16:00;0;12;12
6;31.07. 15:00–16:00;3;15;18
7;31.07. 15:00–16:00;3;9;12
8;31.07. 15:00–16:00;4;15;19
9;31.07. 15:00–16:00;9;6;15
10;31.07. 15:00–16:00;6;14;20
11;31.07. 15:00–16:00;0;9;9
12;31.07. 15:00–16:00;4;9;13
13;31.07. 15:00–16:00;4;8;12
14;31.07. 15:00–16:00;2;11;13
15;31.07. 15:00–16:00;4;10;14
16;31.07. 15:00–16:00;6;8;14
17;31.07. 15:00–16:00;2;9;11
18;31.07. 15:00–16:00;2;10;12
19;31.07. 15:00–16:00;2;12;14
20;31.07. 15:00–16:00;2;8;10
21;31.07. 15:00–16:00;1;11;12
22;31.07. 15:00–16:00;3;13;16
23;31.07. 15:00–16:00;3;12;15
24;31.07. 15:00–16:00;4;10;14
25;31.07. 15:00–16:00;1;13;14
26;31.07. 15:00–16:00;2;10;12
27;31.07. 15:00–16:00;2;11;13
28;31.07. 15:00–16:00;0;8;8
29;31.07. 15:00–16:00;4;9;13
30;31.07. 15:00–16:00;6;10;16
31;31.07. 15:00–16:00;5;5;10
32;31.07. 15:00–16:00;3;9;12
33;31.07. 15:00–16:00;10;4;14
34;31.07. 15:00–16:00;2;7;9
35;31.07. 15:00–16:00;3;7;10
36;31.07. 15:00–16:00;2;11;13
37;31.07. 15:00–16:00;4;12;16
38;31.07. 15:00–16:00;2;7;9
39;31.07. 15:00–16:00;5;7;12
40;31.07. 15:00–16:00;3;10;13
41;31.07. 15:00–16:00;7;6;13
42;31.07. 15:00–16:00;4;7;11
43;31.07. 15:00–16:00;5;13;18
44;31.07. 15:00–16:00;10;16;26
45;31.07. 15:00–16:00;4;12;16
46;31.07. 15:00–16:00;3;6;9
47;31.07. 15:00–16:00;4;8;12
48;31.07. 15:00–16:00;7;9;16
49;31.07. 15:00–16:00;4;9;13
50;31.07. 15:00–16:00;4;12;16
51;31.07. 15:00–16:00;3;7;10
52;31.07. 15:00–16:00;0;9;9
53;31.07. 15:00–16:00;2;11;13
54;31.07. 15:00–16:00;3;7;10
55;31.07. 15:00–16:00;2;10;12
56;31.07. 15:00–16:00;1;13;14
57;31.07. 15:00–16:00;3;6;9
58;31.07. 15:00–16:00;5;7;12
59;31.07. 15:00–16:00;1;8;9
60;31.07. 15:00–16:00;2;9;11
61;31.07. 15:00–16:00;0;10;10
62;31.07. 15:00–16:00;4;15;19
63;31.07. 15:00–16:00;5;12;17
64;31.07. 15:00–16:00;4;9;13
65;31.07. 15:00–16:00;3;12;15
66;31.07. 15:00–16:00;7;16;23
67;31.07. 15:00–16:00;3;10;13
68;31.07. 15:00–16:00;2;8;10
69;31.07. 15:00–16:00;4;6;10
70;31.07. 15:00–16:00;4;13;17
71;31.07. 15:00–16:00;3;7;10
72;31.07. 15:00–16:00;2;10;12
73;31.07. 15:00–16:00;2;12;14
74;31.07. 15:00–16:00;5;8;13
75;31.07. 15:00–16:00;3;7;10
76;31.07. 15:00–16:00;5;14;19
77;31.07. 15:00–16:00;3;8;11
78;31.07. 15:00–16:00;1;8;9
79;31.07. 15:00–16:00;5;12;17
80;31.07. 15:00–16:00;2;9;11
81;31.07. 15:00–16:00;3;5;8
82;31.07. 15:00–16:00;3;13;16
83;31.07. 15:00–16:00;5;8;13
84;31.07. 15:00–16:00;6;9;15
85;31.07. 15:00–16:00;5;8;13
86;31.07. 15:00–16:00;3;8;11
87;31.07. 15:00–16:00;4;8;12
88;31.07. 15:00–16:00;2;10;12
89;31.07. 15:00–16:00;6;5;11
90;31.07. 15:00–16:00;6;8;14
91;31.07. 15:00–16:00;5;11;16
92;31.07. 15:00–16:00;2;10;12
93;31.07. 15:00–16:00;3;15;18
94;31.07. 15:00–16:00;0;18;18
95;31.07. 15:00–16:00;3;7;10
96;31.07. 15:00–16:00;4;10;14
97;31.07. 15:00–16:00;2;10;12
98;31.07. 15:00–16:00;1;10;11
99;31.07. 15:00–16:00;2;18;20
0;31.07. 16:00–17:00;12;5;17
1;31.07. 16:00–17:00;6;5;11
2;31.07. 16:00–17:00;13;1;14
3;31.07. 16:00–17:00;11;6;17
4;31.07. 16:00–17:00;11;4;15
5;31.07. 16:00–17:00;6;5;11
6;31.07. 16:00–17:00;15;3;18
7;31.07. 16:00–17:00;11;1;12
8;31.07. 16:00–17:00;8;6;14
9;31.07. 16:00–17:00;21;3;24
10;31.07. 16:00–17:00;15;5;20
11;31.07. 16:00–17:00;9;6;15
12;31.07. 16:00–17:00;9;2;11
13;31.07. 16:00–17:00;6;2;8
14;31.07. 16:00–17:00;8;6;14
15;31.07. 16:00–17:00;9;1;10
16;31.07. 16:00–17:00;8;3;11
17;31.07. 16:00–17:00;14;7;21
18;31.07. 16:00–17:00;7;2;9
19;31.07. 16:00–17:00;7;5;12
20;31.07. 16:00–17:00;16;5;21
21;31.07. 16:00–17:00;14;4;18
22;31.07. 16:00–17:00;11;4;15
23;31.07. 16:00–17:00;7;2;9
24;31.07. 16:00–17:00;13;2;15
25;31.07. 16:00–17:00;16;2;18
26;31.07. 16:00–17:00;6;1;7
27;31.07. 16:00–17:00;14;6;20
28;31.07. 16:00–17:00;9;5;14
29;31.07. 16:00–17:00;14;6;20
30;31.07. 16:00–17:00;10;6;16
31;31.07. 16:00–17:00;9;5;14
32;31.07. 16:00–17:00;8;6;14
33;31.07. 16:00–17:00;11;4;15
34;31.07. 16:00–17:00;9;6;15
35;31.07. 16:00–17:00;6;5;11
36;31.07. 16:00–17:00;7;3;10
37;31.07. 16:00–17:00;11;5;16
38;31.07. 16:00–17:00;7;5;12
39;31.07. 16:00–17:00;7;5;12
40;31.07. 16:00–17:00;16;1;17
41;31.07. 16:00–17:00;12;4;16
42;31.07. 16:00–17:00;17;10;27
43;31.07. 16:00–17:00;13;4;17
44;31.07. 16:00–17:00;10;7;17
45;31.07. 16:00–17:00;9;5;14
46;31.07. 16:00–17:00;10;6;16
47;31.07. 16:00–17:00;9;3;12
48;31.07. 16:00–17:00;13;5;18
49;31.07. 16:00–17:00;6;3;9
50;31.07. 16:00–17:00;15;1;16
51;31.07. 16:00–17:00;14;4;18
52;31.07. 16:00–17:00;17;4;21
53;31.07. 16:00–17:00;10;6;16
54;31.07. 16:00–17:00;14;3;17
55;31.07. 16:00–17:00;14;2;16
56;31.07. 16:00–17:00;12;3;15
57;31.07. 16:00–17:00;11;5;16
58;31.07. 16:00–17:00;15;4;19
59;31.07. 16:00–17:00;21;5;26
60;31.07. 16:00–17:00;14;2;16
61;31.07. 16:00–17:00;8;4;12
62;31.07. 16:00–17:00;11;5;16
63;31.07. 16:00–17:00;13;5;18
64;31.07. 16:00–17:00;12;5;17
65;31.07. 16:00–17:00;13;3;16
66;31.07. 16:00–17:00;12;5;17
67;31.07. 16:00–17:00;8;4;12
68;31.07. 16:00–17:00;13;3;16
69;31.07. 16:00–17:00;14;4;18
70;31.07. 16:00–17:00;3;8;11
71;31.07. 16:00–17:00;13;3;16
72;31.07. 16:00–17:00;7;1;8
73;31.07. 16:00–17:00;6;4;10
74;31.07. 16:00–17:00;24;3;27
75;31.07. 16:00–17:00;8;2;10
76;31.07. 16:00–17:00;14;5;19
77;31.07. 16:00–17:00;14;5;19
78;31.07. 16:00–17:00;7;2;9
79;31.07. 16:00–17:00;16;7;23
80;31.07. 16:00–17:00;12;4;16
81;31.07. 16:00–17:00;10;2;12
82;31.07. 16:00–17:00;13;4;17
83;31.07. 16:00–17:00;11;4;15
84;31.07. 16:00–17:00;15;2;17
85;31.07. 16:00–17:00;12;2;14
86;31.07. 16:00–17:00;6;3;9
87;31.07. 16:00–17:00;15;3;18
88;31.07. 16:00–17:00;15;4;19
89;31.07. 16:00–17:00;13;2;15
90;31.07. 16:00–17:00;8;3;11
91;31.07. 16:00–17:00;8;9;17
92;31.07. 16:00–17:00;11;4;15
93;31.07. 16:00–17:00;9;5;14
94;31.07. 16:00–17:00;8;3;11
95;31.07. 16:00–17:00;14;4;18
96;31.07. 16:00–17:00;15;5;20
97;31.07. 16:00–17:00;15;4;19
98;31.07. 16:00–17:00;8;9;17
99;31.07. 16:00–17:00;12;3;15
0;31.07. 17:00–18:00;9;3;12
1;31.07. 17:00–18:00;6;2;8
2;31.07. 17:00–18:00;18;2;20
3;31.07. 17:00–18:00;10;4;14
4;31.07. 17:00–18:00;10;3;13
5;31.07. 17:00–18:00;12;1;13
6;31.07. 17:00–18:00;8;3;11
7;31.07. 17:00–18:00;16;4;20
8;31.07. 17:00–18:00;6;1;7
9;31.07. 17:00–18:00;7;3;10
10;31.07. 17:00–18:00;13;6;19
11;31.07. 17:00–18:00;6;3;9
12;31.07. 17:00–18:00;4;3;7
13;31.07. 17:00–18:00;13;2;15
14;31.07. 17:00–18:00;18;1;19
15;31.07. 17:00–18:00;14;2;16
16;31.07. 17:00–18:00;10;5;15
17;31.07. 17:00–18:00;12;4;16
18;31.07. 17:00–18:00;7;1;8
19;31.07. 17:00–18:00;16;3;19
20;31.07. 17:00–18:00;11;4;15
21;31.07. 17:00–18:00;12;4;16
22;31.07. 17:00–18:00;9;3;12
23;31.07. 17:00–18:00;9;5;14
24;31.07. 17:00–18:00;8;4;12
25;31.07. 17:00–18:00;15;5;20
26;31.07. 17:00–18:00;12;3;15
27;31.07. 17:00–18:00;7;1;8
28;31.07. 17:00–18:00;11;5;16
29;31.07. 17:00–18:00;10;6;16
30;31.07. 17:00–18:00;13;3;16
31;31.07. 17:00–18:00;5;7;12
32;31.07. 17:00–18:00;9;3;12
33;31.07. 17:00–18:00;13;4;17
34;31.07. 17:00–18:00;9;3;12
35;31.07. 17:00–18:00;7;4;11
36;31.07. 17:00–18:00;10;7;17
37;31.07. 17:00–18:00;6;5;11
38;31.07. 17:00–18:00;9;2;11
39;31.07. 17:00–18:00;13;4;17
40;31.07. 17:00–18:00;9;5;14
41;31.07. 17:00–18:00;10;2;12
42;31.07. 17:00–18:00;8;3;11
43;31.07. 17:00–18:00;13;4;17
44;31.07. 17:00–18:00;13;4;17
45;31.07. 17:00–18:00;8;2;10
46;31.07. 17:00–18:00;10;1;11
47;31.07. 17:00–18:00;11;3;14
48;31.07. 17:00–18:00;9;2;11
49;31.07. 17:00–18:00;7;4;11
50;31.07. 17:00–18:00;12;7;19
51;31.07. 17:00–18:00;14;3;17
52;31.07. 17:00–18:00;10;3;13
53;31.07. 17:00–18:00;9;3;12
54;31.07. 17:00–18:00;10;3;13
55;31.07. 17:00–18:00;9;3;12
56;31.07. 17:00–18:00;9;2;11
57;31.07. 17:00–18:00;11;2;13
58;31.07. 17:00–18:00;7;6;13
59;31.07. 17:00–18:00;10;3;13
60;31.07. 17:00–18:00;10;4;14
61;31.07. 17:00–18:00;12;3;15
62;31.07. 17:00–18:00;14;4;18
63;31.07. 17:00–18:00;6;6;12
64;31.07. 17:00–18:00;13;1;14
65;31.07. 17:00–18:00;7;5;12
66;31.07. 17:00–18:00;13;5;18
67;31.07. 17:00–18:00;13;3;16
68;31.07. 17:00–18:00;7;2;9
69;31.07. 17:00–18:00;17;1;18
70;31.07. 17:00–18:00;15;0;15
71;31.07. 17:00–18:00;11;5;16
72;31.07. 17:00–18:00;6;8;14
73;31.07. 17:00–18:00;14;2;16
74;31.07. 17:00–18:00;19;4;23
75;31.07. 17:00–18:00;11;6;17
76;31.07. 17:00–18:00;8;8;16
77;31.07. 17:00–18:00;5;5;10
78;31.07. 17:00–18:00;11;7;18
79;31.07. 17:00–18:00;14;3;17
80;31.07. 17:00–18:00;6;3;9
81;31.07. 17:00–18:00;11;4;15
82;31.07. 17:00–18:00;10;4;14
83;31.07. 17:00–18:00;11;2;13
84;31.07. 17:00–18:00;15;4;19
85;31.07. 17:00–18:00;8;3;11
86;31.07. 17:00–18:00;9;6;15
87;31.07. 17:00–18:00;9;4;13
88;31.07. 17:00–18:00;12;2;14
89;31.07. 17:00–18:00;17;2;19
90;31.07. 17:00–18:00;9;3;12
91;31.07. 17:00–18:00;6;1;7
92;31.07. 17:00–18:00;9;4;13
93;31.07. 17:00–18:00;11;2;13
94;31.07. 17:00–18:00;7;5;12
95;31.07. 17:00–18:00;8;3;11
96;31.07. 17:00–18:00;12;5;17
97;31.07. 17:00–18:00;11;3;14
98;31.07. 17:00–18:00;9;1;10
99;31.07. 17:00–18:00;14;5;19
0;31.07. 18:00–19:00;4;6;10
1;31.07. 18:00–19:00;9;4;13
2;31.07. 18:00–19:00;2;3;5
3;31.07. 18:00–19:00;2;3;5
4;31.07. 18:00–19:00;5;6;11
5;31.07. 18:00–19:00;2;4;6
6;31.07. 18:00–19:00;1;2;3
7;31.07. 18:00–19:00;1;3;4
8;31.07. 18:00–19:00;3;4;7
9;31.07. 18:00–19:00;5;3;8
10;31.07. 18:00–19:00;2;3;5
11;31.07. 18:00–19:00;3;5;8
12;31.07. 18:00–19:00;1;8;9
13;31.07. 18:00–19:00;0;4;4
14;31.07. 18:00–19:00;2;3;5
15;31.07. 18:00–19:00;5;1;6
16;31.07. 18:00–19:00;2;4;6
17;31.07. 18:00–19:00;4;5;9
18;31.07. 18:00–19:00;2;2;4
19;31.07. 18:00–19:00;1;3;4
20;31.07. 18:00–19:00;3;7;10
21;31.07. 18:00–19:00;1;3;4
22;31.07. 18:00–19:00;4;3;7
23;31.07. 18:00–19:00;4;4;8
24;31.07. 18:00–19:00;1;2;3
25;31.07. 18:00–19:00;2;2;4
26;31.07. 18:00–19:00;3;3;6
27;31.07. 18:00–19:00;6;0;6
28;31.07. 18:00–19:00;2;2;4
29;31.07. 18:00–19:00;4;1;5
30;31.07. 18:00–19:00;5;3;8
31;31.07. 18:00–19:00;1;7;8
32;31.07. 18:00–19:00;2;3;5
33;31.07. 18:00–19:00;4;5;9
34;31.07. 18:00–19:00;6;9;15
35;31.07. 18:00–19:00;1;4;5
36;31.07. 18:00–19:00;3;5;8
37;31.07. 18:00–19:00;4;4;8
38;31.07. 18:00–19:00;2;3;5
39;31.07. 18:00–19:00;2;2;4
40;31.07. 18:00–19:00;2;1;3
41;31.07. 18:00–19:00;0;1;1
42;31.07. 18:00–19:00;2;5;7
43;31.07. 18:00–19:00;6;4;10
44;31.07. 18:00–19:00;3;3;6
45;31.07. 18:00–19:00;3;6;9
46;31.07. 18:00–19:00;3;4;7
47;31.07. 18:00–19:00;1;4;5
48;31.07. 18:00–19:00;4;7;11
49;31.07. 18:00–19:00;4;8;12
50;31.07. 18:00–19:00;1;3;4
51;31.07. 18:00–19:00;1;6;7
52;31.07. 18:00–19:00;2;3;5
53;31.07. 18:00–19:00;4;4;8
54;31.07. 18:00–19:00;3;2;5
55;31.07. 18:00–19:00;1;4;5
56;31.07. 18:00–19:00;3;4;7
57;31.07. 18:00–19:00;3;6;9
58;31.07. 18:00–19:00;3;3;6
59;31.07. 18:00–19:00;3;5;8
60;31.07. 18:00–19:00;1;5;6
61;31.07. 18:00–19:00;2;3;5
62;31.07. 18:00–19:00;1;3;4
63;31.07. 18:00–19:00;2;0;2
64;31.07. 18:00–19:00;1;3;4
65;31.07. 18:00–19:00;6;1;7
66;31.07. 18:00–19:00;5;1;6
67;31.07. 18:00–19:00;5;4;9
68;31.07. 18:00–19:00;0;7;7
69;31.07. 18:00–19:00;1;2;3
70;31.07. 18:00–19:00;7;3;10
71;31.07. 18:00–19:00;1;6;7
72;31.07. 18:00–19:00;3;7;10
73;31.07. 18:00–19:00;8;5;13
74;31.07. 18:00–19:00;5;4;9
75;31.07. 18:00–19:00;2;9;11
76;31.07. 18:00–19:00;2;5;7
77;31.07. 18:00–19:00;3;7;10
78;31.07. 18:00–19:00;4;1;5
79;31.07. 18:00–19:00;1;8;9
80;31.07. 18:00–19:00;1;0;1
81;31.07. 18:00–19:00;3;4;7
82;31.07. 18:00–19:00;2;3;5
83;31.07. 18:00–19:00;2;3;5
84;31.07. 18:00–19:00;3;2;5
85;31.07. 18:00–19:00;0;6;6
86;31.07. 18:00–19:00;1;6;7
87;31.07. 18:00–19:00;3;7;10
88;31.07. 18:00–19:00;2;4;6
89;31.07. 18:00–19:00;1;3;4
90;31.07. 18:00–19:00;3;4;7
91;31.07. 18:00–19:00;4;5;9
92;31.07. 18:00–19:00;0;6;6
93;31.07. 18:00–19:00;0;4;4
94;31.07. 18:00–19:00;2;6;8
95;31.07. 18:00–19:00;2;2;4
96;31.07. 18:00–19:00;4;2;6
97;31.07. 18:00–19:00;3;6;9
98;31.07. 18:00–19:00;4;9;13
99;31.07. 18:00–19:00;4;3;7
0;31.07. 19:00–20:00;1;1;2
1;31.07. 19:00–20:00;1;1;2
2;31.07. 19:00–20:00;3;2;5
3;31.07. 19:00–20:00;1;1;2
4;31.07. 19:00–20:00;1;3;4
5;31.07. 19:00–20:00;1;2;3
6;31.07. 19:00–20:00;0;1;1
7;31.07. 19:00–20:00;3;1;4
8;31.07. 19:00–20:00;0;2;2
9;31.07. 19:00–20:00;0;1;1
10;31.07. 19:00–20:00;5;0;5
11;31.07. 19:00–20:00;0;1;1
12;31.07. 19:00–20:00;2;2;4
13;31.07. 19:00–20:00;2;2;4
14;31.07. 19:00–20:00;1;0;1
15;31.07. 19:00–20:00;0;1;1
16;31.07. 19:00–20:00;3;0;3
17;31.07. 19:00–20:00;3;2;5
18;31.07. 19:00–20:00;1;2;3
19;31.07. 19:00–20:00;3;2;5
20;31.07. 19:00–20:00;1;2;3
21;31.07. 19:00–20:00;5;1;6
22;31.07. 19:00–20:00;3;1;4
23;31.07. 19:00–20:00;5;3;8
24;31.07. 19:00–20:00;4;1;5
25;31.07. 19:00–20:00;5;0;5
26;31.07. 19:00–20:00;3;3;6
27;31.07. 19:00–20:00;0;2;2
28;31.07. 19:00–20:00;4;1;5
29;31.07. 19:00–20:00;5;1;6
30;31.07. 19:00–20:00;2;2;4
31;31.07. 19:00–20:00;3;1;4
32;31.07. 19:00–20:00;0;3;3
33;31.07. 19:00–20:00;4;2;6
34;31.07. 19:00–20:00;5;1;6
35;31.07. 19:00–20:00;3;1;4
36;31.07. 19:00–20:00;4;1;5
37;31.07. 19:00–20:00;4;1;5
38;31.07. 19:00–20:00;1;2;3
39;31.07. 19:00–20:00;2;0;2
40;31.07. 19:00–20:00;2;0;2
41;31.07. 19:00–20:00;3;0;3
42;31.07. 19:00–20:00;2;1;3
43;31.07. 19:00–20:00;2;0;2
44;31.07. 19:00–20:00;4;0;4
45;31.07. 19:00–20:00;5;1;6
46;31.07. 19:00–20:00;3;1;4
47;31.07. 19:00–20:00;0;2;2
48;31.07. 19:00–20:00;4;2;6
49;31.07. 19:00–20:00;5;1;6
50;31.07. 19:00–20:00;3;0;3
51;31.07. 19:00–20:00;1;3;4
52;31.07. 19:00–20:00;2;1;3
53;31.07. 19:00–20:00;3;2;5
54;31.07. 19:00–20:00;3;0;3
55;31.07. 19:00–20:00;6;1;7
56;31.07. 19:00–20:00;2;0;2
57;31.07. 19:00–20:00;0;0;0
58;31.07. 19:00–20:00;2;0;2
59;31.07. 19:00–20:00;1;1;2
60;31.07. 19:00–20:00;1;0;1
61;31.07. 19:00–20:00;2;0;2
62;31.07. 19:00–20:00;1;0;1
63;31.07. 19:00–20:00;1;0;1
64;31.07. 19:00–20:00;1;1;2
65;31.07. 19:00–20:00;8;1;9
66;31.07. 19:00–20:00;1;0;1
67;31.07. 19:00–20:00;6;0;6
68;31.07. 19:00–20:00;3;2;5
69;31.07. 19:00–20:00;3;2;5
70;31.07. 19:00–20:00;1;1;2
71;31.07. 19:00–20:00;1;1;2
72;31.07. 19:00–20:00;5;1;6
73;31.07. 19:00–20:00;3;2;5
74;31.07. 19:00–20:00;0;0;0
75;31.07. 19:00–20:00;5;0;5
76;31.07. 19:00–20:00;3;2;5
77;31.07. 19:00–20:00;1;0;1
78;31.07. 19:00–20:00;2;2;4
79;31.07. 19:00–20:00;6;2;8
80;31.07. 19:00–20:00;2;0;2
81;31.07. 19:00–20:00;3;0;3
82;31.07. 19:00–20:00;3;1;4
83;31.07. 19:00–20:00;0;1;1
84;31.07. 19:00–20:00;3;1;4
85;31.07. 19:00–20:00;4;3;7
86;31.07. 19:00–20:00;1;4;5
87;31.07. 19:00–20:00;2;1;3
88;31.07. 19:00–20:00;0;5;5
89;31.07. 19:00–20:00;5;2;7
90;31.07. 19:00–20:00;2;2;4
91;31.07. 19:00–20:00;1;0;1
92;31.07. 19:00–20:00;3;2;5
93;31.07. 19:00–20:00;3;1;4
94;31.07. 19:00–20:00;2;0;2
95;31.07. 19:00–20:00;4;1;5
96;31.07. 19:00–20:00;2;2;4
97;31.07. 19:00–20:00;3;0;3
98;31.07. 19:00–20:00;0;0;0
99;31.07. 19:00–20:00;3;0;3
0;31.07. 20:00–21:00;1;2;3
1;31.07. 20:00–21:00;2;1;3
2;31.07. 20:00–21:00;3;5;8
3;31.07. 20:00–21:00;3;2;5
4;31.07. 20:00–21:00;2;2;4
5;31.07. 20:00–21:00;3;2;5
6;31.07. 20:00–21:00;3;2;5
7;31.07. 20:00–21:00;3;2;5
8;31.07. 20:00–21:00;2;1;3
9;31.07. 20:00–21:00;4;2;6
10;31.07. 20:00–21:00;2;5;7
11;31.07. 20:00–21:00;1;1;2
12;31.07. 20:00–21:00;2;0;2
13;31.07. 20:00–21:00;3;1;4
14;31.07. 20:00–21:00;1;2;3
15;31.07. 20:00–21:00;4;3;7
16;31.07. 20:00–21:00;2;4;6
17;31.07. 20:00–21:00;0;1;1
18;31.07. 20:00–21:00;1;2;3
19;31.07. 20:00–21:00;0;0;0
20;31.07. 20:00–21:00;3;0;3
21;31.07. 20:00–21:00;2;1;3
22;31.07. 20:00–21:00;0;5;5
23;31.07. 20:00–21:00;5;1;6
24;31.07. 20:00–21:00;2;2;4
25;31.07. 20:00–21:00;3;1;4
26;31.07. 20:00–21:00;2;4;6
27;31.07. 20:00–21:00;3;3;6
28;31.07. 20:00–21:00;2;3;5
29;31.07. 20:00–21:00;0;5;5
30;31.07. 20:00–21:00;1;1;2
31;31.07. 20:00–21:00;4;3;7
32;31.07. 20:00–21:00;2;1;3
33;31.07. 20:00–21:00;1;3;4
34;31.07. 20:00–21:00;0;0;0
35;31.07. 20:00–21:00;2;5;7
36;31.07. 20:00–21:00;4;0;4
37;31.07. 20:00–21:00;4;4;8
38;31.07. 20:00–21:00;1;0;1
39;31.07. 20:00–21:00;1;2;3
40;31.07. 20:00–21:00;5;3;8
41;31.07. 20:00–21:00;0;5;5
42;31.07. 20:00–21:00;1;2;3
43;31.07. 20:00–21:00;1;1;2
44;31.07. 20:00–21:00;4;3;7
45;31.07. 20:00–21:00;2;4;6
46;31.07. 20:00–21:00;1;1;2
47;31.07. 20:00–21:00;2;4;6
48;31.07. 20:00–21:00;1;1;2
49;31.07. 20:00–21:00;2;1;3
50;31.07. 20:00–21:00;2;1;3
51;31.07. 20:00–21:00;2;4;6
52;31.07. 20:00–21:00;3;0;3
53;31.07. 20:00–21:00;0;3;3
54;31.07. 20:00–21:00;0;3;3
55;31.07. 20:00–21:00;1;0;1
56;31.07. 20:00–21:00;0;0;0
57;31.07. 20:00–21:00;4;3;7
58;31.07. 20:00–21:00;1;2;3
59;31.07. 20:00–21:00;4;1;5
60;31.07. 20:00–21:00;3;2;5
61;31.07. 20:00–21:00;2;3;5
62;31.07. 20:00–21:00;4;2;6
63;31.07. 20:00–21:00;1;2;3
64;31.07. 20:00–21:00;2;1;3
65;31.07. 20:00–21:00;2;3;5
66;31.07. 20:00–21:00;2;3;5
67;31.07. 20:00–21:00;1;1;2
68;31.07. 20:00–21:00;1;2;3
69;31.07. 20:00–21:00;1;3;4
70;31.07. 20:00–21:00;1;4;5
71;31.07. 20:00–21:00;4;0;4
72;31.07. 20:00–21:00;1;3;4
73;31.07. 20:00–21:00;1;1;2
74;31.07. 20:00–21:00;1;3;4
75;31.07. 20:00–21:00;1;3;4
76;31.07. 20:00–21:00;1;3;4
77;31.07. 20:00–21:00;2;1;3
78;31.07. 20:00–21:00;0;2;2
79;31.07. 20:00–21:00;3;1;4
80;31.07. 20:00–21:00;0;2;2
81;31.07. 20:00–21:00;2;1;3
82;31.07. 20:00–21:00;3;1;4
83;31.07. 20:00–21:00;2;2;4
84;31.07. 20:00–21:00;2;1;3
85;31.07. 20:00–21:00;3;2;5
86;31.07. 20:00–21:00;0;2;2
87;31.07. 20:00–21:00;1;2;3
88;31.07. 20:00–21:00;1;1;2
89;31.07. 20:00–21:00;1;4;5
90;31.07. 20:00–21:00;4;0;4
91;31.07. 20:00–21:00;1;3;4
92;31.07. 20:00–21:00;0;2;2
93;31.07. 20:00–21:00;3;3;6
94;31.07. 20:00–21:00;4;2;6
95;31.07. 20:00–21:00;2;2;4
96;31.07. 20:00–21:00;2;4;6
97;31.07. 20:00–21:00;3;3;6
98;31.07. 20:00–21:00;3;2;5
99;31.07. 20:00–21:00;4;1;5
0;31.07. 21:00–22:00;5;0;5
1;31.07. 21:00–22:00;5;3;8
2;31.07. 21:00–22:00;3;0;3
3;31.07. 21:00–22:00;4;1;5
4;31.07. 21:00–22:00;6;2;8
5;31.07. 21:00–22:00;8;2;10
6;31.07. 21:00–22:00;2;2;4
7;31.07. 21:00–22:00;4;0;4
8;31.07. 21:00–22:00;8;1;9
9;31.07. 21:00–22:00;7;1;8
10;31.07. 21:00–22:00;5;0;5
11;31.07. 21:00–22:00;4;0;4
12;31.07. 21:00–22:00;5;0;5
13;31.07. 21:00–22:00;5;0;5
14;31.07. 21:00–22:00;3;1;4
15;31.07. 21:00–22:00;3;3;6
16;31.07. 21:00–22:00;6;1;7
17;31.07. 21:00–22:00;4;1;5
18;31.07. 21:00–22:00;9;0;9
19;31.07. 21:00–22:00;3;0;3
20;31.07. 21:00–22:00;3;1;4
21;31.07. 21:00–22:00;3;0;3
22;31.07. 21:00–22:00;6;0;6
23;31.07. 21:00–22:00;7;1;8
24;31.07. 21:00–22:00;3;2;5
25;31.07. 21:00–22:00;2;2;4
26;31.07. 21:00–22:00;4;1;5
27;31.07. 21:00–22:00;5;1;6
28;31.07. 21:00–22:00;9;2;11
29;31.07. 21:00–22:00;3;3;6
30;31.07. 21:00–22:00;5;3;8
31;31.07. 21:00–22:00;6;3;9
32;31.07. 21:00–22:00;2;0;2
33;31.07. 21:00–22:00;5;1;6
34;31.07. 21:00–22:00;3;0;3
35;31.07. 21:00–22:00;6;1;7
36;31.07. 21:00–22:00;4;2;6
37;31.07. 21:00–22:00;5;2;7
38;31.07. 21:00–22:00;6;0;6
39;31.07. 21:00–22:00;2;0;2
40;31.07. 21:00–22:00;4;2;6
41;31.07. 21:00–22:00;3;2;5
42;31.07. 21:00–22:00;1;2;3
43;31.07. 21:00–22:00;2;1;3
44;31.07. 21:00–22:00;4;0;4
45;31.07. 21:00–22:00;3;1;4
46;31.07. 21:00–22:00;10;1;11
47;31.07. 21:00–22:00;2;2;4
48;31.07. 21:00–22:00;4;0;4
49;31.07. 21:00–22:00;8;0;8
50;31.07. 21:00–22:00;3;1;4
51;31.07. 21:00–22:00;4;0;4
52;31.07. 21:00–22:00;1;1;2
53;31.07. 21:00–22:00;4;1;5
54;31.07. 21:00–22:00;8;0;8
55;31.07. 21:00–22:00;4;2;6
56;31.07. 21:00–22:00;5;0;5
57;31.07. 21:00–22:00;4;1;5
58;31.07. 21:00–22:00;5;2;7
59;31.07. 21:00–22:00;10;0;10
60;31.07. 21:00–22:00;3;0;3
61;31.07. 21:00–22:00;2;4;6
62;31.07. 21:00–22:00;4;2;6
63;31.07. 21:00–22:00;2;0;2
64;31.07. 21:00–22:00;6;1;7
65;31.07. 21:00–22:00;6;0;6
66;31.07. 21:00–22:00;5;0;5
67;31.07. 21:00–22:00;1;0;1
68;31.07. 21:00–22:00;4;2;6
69;31.07. 21:00–22:00;3;1;4
70;31.07. 21:00–22:00;6;0;6
71;31.07. 21:00–22:00;3;2;5
72;31.07. 21:00–22:00;4;2;6
73;31.07. 21:00–22:00;4;0;4
74;31.07. 21:00–22:00;8;0;8
75;31.07. 21:00–22:00;8;2;10
76;31.07. 21:00–22:00;2;0;2
77;31.07. 21:00–22:00;3;0;3
78;31.07. 21:00–22:00;5;0;5
79;31.07. 21:00–22:00;1;0;1
80;31.07. 21:00–22:00;8;0;8
81;31.07. 21:00–22:00;6;0;6
82;31.07. 21:00–22:00;4;3;7
83;31.07. 21:00–22:00;8;0;8
84;31.07. 21:00–22:00;3;0;3
85;31.07. 21:00–22:00;4;1;5
86;31.07. 21:00–22:00;5;3;8
87;31.07. 21:00–22:00;3;1;4
88;31.07. 21:00–22:00;7;1;8
89;31.07. 21:00–22:00;5;0;5
90;31.07. 21:00–22:00;3;1;4
91;31.07. 21:00–22:00;4;1;5
92;31.07. 21:00–22:00;2;0;2
93;31.07. 21:00–22:00;3;0;3
94;31.07. 21:00–22:00;2;2;4
95;31.07. 21:00–22:00;5;1;6
96;31.07. 21:00–22:00;9;1;10
97;31.07. 21:00–22:00;7;0;7
98;31.07. 21:00–22:00;4;1;5
99;31.07. 21:00–22:00;4;2;6
0;31.07. 22:00–23:00;8;0;8
1;31.07. 22:00–23:00;9;0;9
2;31.07. 22:00–23:00;12;0;12
3;31.07. 22:00–23:00;4;0;4
4;31.07. 22:00–23:00;5;0;5
5;31.07. 22:00–23:00;15;0;15
6;31.07. 22:00–23:00;7;0;7
7;31.07. 22:00–23:00;6;0;6
8;31.07. 22:00–23:00;8;0;8
9;31.07. 22:00–23:00;11;0;11
10;31.07. 22:00–23:00;7;0;7
11;31.07. 22:00–23:00;6;0;6
12;31.07. 22:00–23:00;8;0;8
13;31.07. 22:00–23:00;7;0;7
14;31.07. 22:00–23:00;11;0;11
15;31.07. 22:00–23:00;6;0;6
16;31.07. 22:00–23:00;8;0;8
17;31.07. 22:00–23:00;14;0;14
18;31.07. 22:00–23:00;9;0;9
19;31.07. 22:00–23:00;8;0;8
20;31.07. 22:00–23:00;4;0;4
21;31.07. 22:00–23:00;13;0;13
22;31.07. 22:00–23:00;12;0;12
23;31.07. 22:00–23:00;5;0;5
24;31.07. 22:00–23:00;7;0;7
25;31.07. 22:00–23:00;15;0;15
26;31.07. 22:00–23:00;9;0;9
27;31.07. 22:00–23:00;10;0;10
28;31.07. 22:00–23:00;3;0;3
29;31.07. 22:00–23:00;5;0;5
30;31.07. 22:00–23:00;10;0;10
31;31.07. 22:00–23:00;9;0;9
32;31.07. 22:00–23:00;12;0;12
33;31.07. 22:00–23:00;4;0;4
34;31.07. 22:00–23:00;11;0;11
35;31.07. 22:00–23:00;5;0;5
36;31.07. 22:00–23:00;5;0;5
37;31.07. 22:00–23:00;7;0;7
38;31.07. 22:00–23:00;7;0;7
39;31.07. 22:00–23:00;10;0;10
40;31.07. 22:00–23:00;6;0;6
41;31.07. 22:00–23:00;9;0;9
42;31.07. 22:00–23:00;11;0;11
43;31.07. 22:00–23:00;12;0;12
44;31.07. 22:00–23:00;13;0;13
45;31.07. 22:00–23:00;12;0;12
46;31.07. 22:00–23:00;8;0;8
47;31.07. 22:00–23:00;11;0;11
48;31.07. 22:00–23:00;12;0;12
49;31.07. 22:00–23:00;11;0;11
50;31.07. 22:00–23:00;13;0;13
51;31.07. 22:00–23:00;10;0;10
52;31.07. 22:00–23:00;7;0;7
53;31.07. 22:00–23:00;6;0;6
54;31.07. 22:00–23:00;7;0;7
55;31.07. 22:00–23:00;11;0;11
56;31.07. 22:00–23:00;10;0;10
57;31.07. 22:00–23:00;5;0;5
58;31.07. 22:00–23:00;6;0;6
59;31.07. 22:00–23:00;6;0;6
60;31.07. 22:00–23:00;7;0;7
61;31.07. 22:00–23:00;10;0;10
62;31.07. 22:00–23:00;9;0;9
63;31.07. 22:00–23:00;8;0;8
64;31.07. 22:00–23:00;8;0;8
65;31.07. 22:00–23:00;12;0;12
66;31.07. 22:00–23:00;6;0;6
67;31.07. 22:00–23:00;7;0;7
68;31.07. 22:00–23:00;9;0;9
69;31.07. 22:00–23:00;4;0;4
70;31.07. 22:00–23:00;9;0;9
71;31.07. 22:00–23:00;9;0;9
72;31.07. 22:00–23:00;8;0;8
73;31.07. 22:00–23:00;6;0;6
74;31.07. 22:00–23:00;8;0;8
75;31.07. 22:00–23:00;7;0;7
76;31.07. 22:00–23:00;10;0;10
77;31.07. 22:00–23:00;5;0;5
78;31.07. 22:00–23:00;6;0;6
79;31.07. 22:00–23:00;12;0;12
80;31.07. 22:00–23:00;8;0;8
81;31.07. 22:00–23:00;11;0;11
82;31.07. 22:00–23:00;10;0;10
83;31.07. 22:00–23:00;8;0;8
84;31.07. 22:00–23:00;8;0;8
85;31.07. 22:00–23:00;4;0;4
86;31.07. 22:00–23:00;4;0;4
87;31.07. 22:00–23:00;6;0;6
88;31.07. 22:00–23:00;7;0;7
89;31.07. 22:00–23:00;10;0;10
90;31.07. 22:00–23:00;15;0;15
91;31.07. 22:00–23:00;5;0;5
92;31.07. 22:00–23:00;9;0;9
93;31.07. 22:00–23:00;7;0;7
94;31.07. 22:00–23:00;5;0;5
95;31.07. 22:00–23:00;8;0;8
96;31.07. 22:00–23:00;9;0;9
97;31.07. 22:00–23:00;8;0;8
98;31.07. 22:00–23:00;13;0;13
99;31.07. 22:00–23:00;9;0;9
0;31.07. 23:00–00:00;11;0;11
1;31.07. 23:00–00:00;17;0;17
2;31.07. 23:00–00:00;10;0;10
3;31.07. 23:00–00:00;14;0;14
4;31.07. 23:00–00:00;14;0;14
5;31.07. 23:00–00:00;7;0;7
6;31.07. 23:00–00:00;7;0;7
7;31.07. 23:00–00:00;14;0;14
8;31.07. 23:00–00:00;7;0;7
9;31.07. 23:00–00:00;18;0;18
10;31.07. 23:00–00:00;11;0;11
11;31.07. 23:00–00:00;10;0;10
12;31.07. 23:00–00:00;14;0;14
13;31.07. 23:00–00:00;11;0;11
14;31.07. 23:00–00:00;16;0;16
15;31.07. 23:00–00:00;18;0;18
16;31.07. 23:00–00:00;14;0;14
17;31.07. 23:00–00:00;14;0;14
18;31.07. 23:00–00:00;16;0;16
19;31.07. 23:00–00:00;15;0;15
20;31.07. 23:00–00:00;12;0;12
21;31.07. 23:00–00:00;10;0;10
22;31.07. 23:00–00:00;21;0;21
23;31.07. 23:00–00:00;10;0;10
24;31.07. 23:00–00:00;12;0;12
25;31.07. 23:00–00:00;12;0;12
26;31.07. 23:00–00:00;12;0;12
27;31.07. 23:00–00:00;12;0;12
28;31.07. 23:00–00:00;7;0;7
29;31.07. 23:00–00:00;16;0;16
30;31.07. 23:00–00:00;12;0;12
31;31.07. 23:00–00:00;11;0;11
32;31.07. 23:00–00:00;7;0;7
33;31.07. 23:00–00:00;7;0;7
34;31.07. 23:00–00:00;13;0;13
35;31.07. 23:00–00:00;9;0;9
36;31.07. 23:00–00:00;15;0;15
37;31.07. 23:00–00:00;18;0;18
38;31.07. 23:00–00:00;13;0;13
39;31.07. 23:00–00:00;15;0;15
40;31.07. 23:00–00:00;16;0;16
41;31.07. 23:00–00:00;14;0;14
42;31.07. 23:00–00:00;16;0;16
43;31.07. 23:00–00:00;22;0;22
44;31.07. 23:00–00:00;11;0;11
45;31.07. 23:00–00:00;20;0;20
46;31.07. 23:00–00:00;14;0;14
47;31.07. 23:00–00:00;12;0;12
48;31.07. 23:00–00:00;10;0;10
49;31.07. 23:00–00:00;12;0;12
50;31.07. 23:00–00:00;17;0;17
51;31.07. 23:00–00:00;15;0;15
52;31.07. 23:00–00:00;9;0;9
53;31.07. 23:00–00:00;17;0;17
54;31.07. 23:00–00:00;16;0;16
55;31.07. 23:00–00:00;7;0;7
56;31.07. 23:00–00:00;13;0;13
57;31.07. 23:00–00:00;13;0;13
58;31.07. 23:00–00:00;10;0;10
59;31.07. 23:00–00:00;13;0;13
60;31.07. 23:00–00:00;12;0;12
61;31.07. 23:00–00:00;15;0;15
62;31.07. 23:00–00:00;13;0;13
63;31.07. 23:00–00:00;9;0;9
64;31.07. 23:00–00:00;14;0;14
65;31.07. 23:00–00:00;11;0;11
66;31.07. 23:00–00:00;9;0;9
67;31.07. 23:00–00:00;14;0;14
68;31.07. 23:00–00:00;8;0;8
69;31.07. 23:00–00:00;7;0;7
70;31.07. 23:00–00:00;16;0;16
71;31.07. 23:00–00:00;16;0;16
72;31.07. 23:00–00:00;9;0;9
73;31.07. 23:00–00:00;15;0;15
74;31.07. 23:00–00:00;16;0;16
75;31.07. 23:00–00:00;7;0;7
76;31.07. 23:00–00:00;11;0;11
77;31.07. 23:00–00:00;15;0;15
78;31.07. 23:00–00:00;7;0;7
79;31.07. 23:00–00:00;16;0;16
80;31.07. 23:00–00:00;14;0;14
81;31.07. 23:00–00:00;9;0;9
82;31.07. 23:00–00:00;10;0;10
83;31.07. 23:00–00:00;13;0;13
84;31.07. 23:00–00:00;7;0;7
85;31.07. 23:00–00:00;10;0;10
86;31.07. 23:00–00:00;13;0;13
87;31.07. 23:00–00:00;17;0;17
88;31.07. 23:00–00:00;14;0;14
89;31.07. 23:00–00:00;18;0;18
90;31.07. 23:00–00:00;15;0;15
91;31.07. 23:00–00:00;13;0;13
92;31.07. 23:00–00:00;7;0;7
93;31.07. 23:00–00:00;15;0;15
94;31.07. 23:00–00:00;14;0;14
95;31.07. 23:00–00:00;11;0;11
96;31.07. 23:00–00:00;16;0;16
97;31.07. 23:00–00:00;6;0;6
98;31.07. 23:00–00:00;15;0;15
99;31.07. 23:00–00:00;10;0;10
0;01.08. 00:00–01:00;4;0;4
1;01.08. 00:00–01:00;4;0;4
2;01.08. 00:00–01:00;0;0;0
3;01.08. 00:00–01:00;1;0;1
4;01.08. 00:00–01:00;0;0;0
5;01.08. 00:00–01:00;1;0;1
6;01.08. 00:00–01:00;2;0;2
7;01.08. 00:00–01:00;2;0;2
8;01.08. 00:00–01:00;1;0;1
9;01.08. 00:00–01:00;1;0;1
10;01.08. 00:00–01:00;2;0;2
11;01.08. 00:00–01:00;2;0;2
12;01.08. 00:00–01:00;0;0;0
13;01.08. 00:00–01:00;1;0;1
14;01.08. 00:00–01:00;5;0;5
15;01.08. 00:00–01:00;3;0;3
16;01.08. 00:00–01:00;2;0;2
17;01.08. 00:00–01:00;4;0;4
18;01.08. 00:00–01:00;1;0;1
19;01.08. 00:00–01:00;1;0;1
20;01.08. 00:00–01:00;2;0;2
21;01.08. 00:00–01:00;2;0;2
22;01.08. 00:00–01:00;3;0;3
23;01.08. 00:00–01:00;0;0;0
24;01.08. 00:00–01:00;4;0;4
25;01.08. 00:00–01:00;0;0;0
26;01.08. 00:00–01:00;0;0;0
27;01.08. 00:00–01:00;1;0;1
28;01.08. 00:00–01:00;2;0;2
29;01.08. 00:00–01:00;1;0;1
30;01.08. 00:00–01:00;2;0;2
31;01.08. 00:00–01:00;2;0;2
32;01.08. 00:00–01:00;2;0;2
33;01.08. 00:00–01:00;1;0;1
34;01.08. 00:00–01:00;0;0;0
35;01.08. 00:00–01:00;2;0;2
36;01.08. 00:00–01:00;2;0;2
37;01.08. 00:00–01:00;1;0;1
38;01.08. 00:00–01:00;3;0;3
39;01.08. 00:00–01:00;1;0;1
40;01.08. 00:00–01:00;6;0;6
41;01.08. 00:00–01:00;2;0;2
42;01.08. 00:00–01:00;1;0;1
43;01.08. 00:00–01:00;0;0;0
44;01.08. 00:00–01:00;1;0;1
45;01.08. 00:00–01:00;0;0;0
46;01.08. 00:00–01:00;3;0;3
47;01.08. 00:00–01:00;2;0;2
48;01.08. 00:00–01:00;1;0;1
49;01.08. 00:00–01:00;0;0;0
50;01.08. 00:00–01:00;1;0;1
51;01.08. 00:00–01:00;2;0;2
52;01.08. 00:00–01:00;1;0;1
53;01.08. 00:00–01:00;4;0;4
54;01.08. 00:00–01:00;1;0;1
55;01.08. 00:00–01:00;3;0;3
56;01.08. 00:00–01:00;2;0;2
57;01.08. 00:00–01:00;1;0;1
58;01.08. 00:00–01:00;3;0;3
59;01.08. 00:00–01:00;1;0;1
60;01.08. 00:00–01:00;3;0;3
61;01.08. 00:00–01:00;1;0;1
62;01.08. 00:00–01:00;0;0;0
63;01.08. 00:00–01:00;1;0;1
64;01.08. 00:00–01:00;1;0;1
65;01.08. 00:00–01:00;5;0;5
66;01.08. 00:00–01:00;1;0;1
67;01.08. 00:00–01:00;3;0;3
68;01.08. 00:00–01:00;1;0;1
69;01.08. 00:00–01:00;2;0;2
70;01.08. 00:00–01:00;1;0;1
71;01.08. 00:00–01:00;2;0;2
72;01.08. 00:00–01:00;2;0;2
73;01.08. 00:00–01:00;2;0;2
74;01.08. 00:00–01:00;0;0;0
75;01.08. 00:00–01:00;1;0;1
76;01.08. 00:00–01:00;1;0;1
77;01.08. 00:00–01:00;1;0;1
78;01.08. 00:00–01:00;1;0;1
79;01.08. 00:00–01:00;2;0;2
80;01.08. 00:00–01:00;1;0;1
81;01.08. 00:00–01:00;1;0;1
82;01.08. 00:00–01:00;2;0;2
83;01.08. 00:00–01:00;0;0;0
84;01.08. 00:00–01:00;1;0;1
85;01.08. 00:00–01:00;1;0;1
86;01.08. 00:00–01:00;3;0;3
87;01.08. 00:00–01:00;0;0;0
88;01.08. 00:00–01:00;0;0;0
89;01.08. 00:00–01:00;2;0;2
90;01.08. 00:00–01:00;2;0;2
91;01.08. 00:00–01:00;1;0;1
92;01.08. 00:00–01:00;2;0;2
93;01.08. 00:00–01:00;1;0;1
94;01.08. 00:00–01:00;1;0;1
95;01.08. 00:00–01:00;2;0;2
96;01.08. 00:00–01:00;0;0;0
97;01.08. 00:00–01:00;0;0;0
98;01.08. 00:00–01:00;1;0;1
99;01.08. 00:00–01:00;1;0;1
