scenario,fleet_size,aircraft_id,activity,metric,n,mean,std,ci_low,ci_high,confidence
low,4,EVTOL_001,boarding,fraction_of_observed_time,2,0.10759642562616108,0.0071009393633247354,0.04379701670367574,0.17139583454864643,0.95
low,4,EVTOL_001,boarding,minutes,2,176.75,9.192388155425117,94.15966921486473,259.3403307851353,0.95
low,4,EVTOL_001,charging_overlay,fraction_of_observed_time,2,0.5632016538393037,0.041145191733281794,0.1935267730561171,0.9328765346224902,0.95
low,4,EVTOL_001,charging_overlay,minutes,2,925.1326493344772,54.65116494855003,434.11141365809965,1416.1538850108545,0.95
low,4,EVTOL_001,cleaning,fraction_of_observed_time,2,0.042596924605403715,0.0005968785868881533,0.03723418327027382,0.04795966594053361,0.95
low,4,EVTOL_001,cleaning,minutes,2,70.0,0.0,70.0,70.0,0.95
low,4,EVTOL_001,cruise,fraction_of_observed_time,2,0.19314638177476404,0.007636527398069981,0.12453490528003804,0.26175785826949005,0.95
low,4,EVTOL_001,cruise,minutes,2,317.34283035,8.102504603882112,244.5447147669709,390.14094593302906,0.95
low,4,EVTOL_001,departure_finalization,fraction_of_observed_time,2,0.0456516208456849,0.0023606884428757167,0.02444167669611318,0.06686156499525663,0.95
low,4,EVTOL_001,departure_finalization,minutes,2,74.99999999999994,2.8284271247460997,49.58759052765144,100.41240947234844,0.95
low,4,EVTOL_001,disembarking,fraction_of_observed_time,2,0.07432653047549131,0.004655595701812773,0.03249766266515582,0.1161553982858268,0.95
low,4,EVTOL_001,disembarking,minutes,2,122.09999999999994,5.939696961966913,68.73394010806715,175.46605989193273,0.95
low,4,EVTOL_001,idle,fraction_of_observed_time,2,0.4455952078443909,0.028729518488192846,0.18747072537928183,0.7037196903095,0.95
low,4,EVTOL_001,idle,minutes,2,732.6542569241096,57.47766897268821,216.2378901488222,1249.070623699397,0.95
low,4,EVTOL_001,landing,fraction_of_observed_time,2,0.04565162084568494,0.0023606884428757705,0.02444167669611274,0.06686156499525714,0.95
low,4,EVTOL_001,landing,minutes,2,75.0,2.8284271247461903,49.58759052765068,100.41240947234931,0.95
low,4,EVTOL_001,takeoff,fraction_of_observed_time,2,0.030434413897123296,0.0015737922952505153,0.016294451130741815,0.04457437666350478,0.95
low,4,EVTOL_001,takeoff,minutes,2,50.0,1.88561808316413,33.05839368510043,66.94160631489957,0.95
low,4,EVTOL_001,waiting_for_departure,fraction_of_observed_time,2,0.01500087408529567,0.0024444082570950773,-0.006961262751610117,0.03696301092220146,0.95
low,4,EVTOL_001,waiting_for_departure,minutes,2,24.625377687840697,3.6718664272046597,-8.365033258055753,57.61578863373715,0.95
low,4,EVTOL_002,boarding,fraction_of_observed_time,2,0.0986115459688076,0.005179568805069937,0.05207496660530155,0.14514812533231364,0.95
low,4,EVTOL_002,boarding,minutes,2,162.12499999999997,10.783378413094809,65.24018888666858,259.00981111333135,0.95
low,4,EVTOL_002,charging_overlay,fraction_of_observed_time,2,0.5359509424007869,0.03507808067189456,0.22078689177378746,0.8511149930277864,0.95
low,4,EVTOL_002,charging_overlay,minutes,2,881.224518414469,69.99213487672354,252.370136496883,1510.0789003320551,0.95
low,4,EVTOL_002,cleaning,fraction_of_observed_time,2,0.036451355819441235,0.008094268138716745,-0.036272758060112494,0.10917546969899497,0.95
low,4,EVTOL_002,cleaning,minutes,2,60.0,14.142135623730951,-67.0620473617466,187.06204736174658,0.95
low,4,EVTOL_002,cruise,fraction_of_observed_time,2,0.17528091691699832,0.01180719055650138,0.06919751865133006,0.2813643151826666,0.95
low,4,EVTOL_002,cruise,minutes,2,288.2053129500001,23.441291316971743,77.59366653504509,498.81695936495515,0.95
low,4,EVTOL_002,departure_finalization,fraction_of_observed_time,2,0.03951811082818909,0.004609282611519307,-0.0018946503749899327,0.08093087203136812,0.95
low,4,EVTOL_002,departure_finalization,minutes,2,64.99999999999993,8.485281374238676,-11.237228417048968,141.2372284170488,0.95
low,4,EVTOL_002,disembarking,fraction_of_observed_time,2,0.06852620323383682,0.0025248325511578727,0.04584148278345654,0.0912109236842171,0.95
low,4,EVTOL_002,disembarking,minutes,2,112.65,5.727564927611041,61.18987081849258,164.11012918150743,0.95
low,4,EVTOL_002,idle,fraction_of_observed_time,2,0.49476676694882266,0.0355902766468033,0.17500081806869494,0.8145327158289504,0.95
low,4,EVTOL_002,idle,minutes,2,812.7257584361755,47.09778420949052,389.5689561624304,1235.8825607099207,0.95
low,4,EVTOL_002,landing,fraction_of_observed_time,2,0.03951811082818914,0.004609282611519238,-0.0018946503749892665,0.08093087203136753,0.95
low,4,EVTOL_002,landing,minutes,2,65.0,8.48528137423857,-11.237228417047945,141.23722841704796,0.95
low,4,EVTOL_002,takeoff,fraction_of_observed_time,2,0.026345407218792756,0.003072855074346158,-0.001263100249992842,0.053953914687578354,0.95
low,4,EVTOL_002,takeoff,minutes,2,43.333333333333336,5.656854249492381,-7.491485611365299,94.15815227803196,0.95
low,4,EVTOL_002,waiting_for_departure,fraction_of_observed_time,2,0.020981582236922307,0.004307003702027237,-0.01771531071720045,0.05967847519104506,0.95
low,4,EVTOL_002,waiting_for_departure,minutes,2,34.43306024244151,6.595262578334688,-24.823023024453043,93.68914350933608,0.95
low,4,EVTOL_003,boarding,fraction_of_observed_time,2,0.08684770432154706,0.0015797044903119817,0.0726546225900461,0.10104078605304803,0.95
low,4,EVTOL_003,boarding,minutes,2,142.74999999999997,4.596194077712519,101.4548346074327,184.04516539256724,0.95
low,4,EVTOL_003,charging_overlay,fraction_of_observed_time,2,0.5496242288394144,0.023498373752180276,0.33849971709216686,0.760748740586662,0.95
low,4,EVTOL_003,charging_overlay,minutes,2,903.5628551490797,51.27608396690574,442.8655189847252,1364.2601913134342,0.95
low,4,EVTOL_003,cleaning,fraction_of_observed_time,2,0.03042637471814551,0.0004263418477772524,0.026595845193052733,0.03425690424323829,0.95
low,4,EVTOL_003,cleaning,minutes,2,50.0,0.0,50.0,50.0,0.95
low,4,EVTOL_003,cruise,fraction_of_observed_time,2,0.14962323440200384,0.0025981830634112016,0.12627948574613093,0.17296698305787675,0.95
low,4,EVTOL_003,cruise,minutes,2,245.9315822999994,7.71567696019732,176.60897520383796,315.2541893961609,0.95
low,4,EVTOL_003,departure_finalization,fraction_of_observed_time,2,0.03498128684951733,0.0008005886284635775,0.027788283406924262,0.0421742902921104,0.95
low,4,EVTOL_003,departure_finalization,minutes,2,57.5,2.1213203435596424,38.44069289573801,76.55930710426199,0.95
low,4,EVTOL_003,disembarking,fraction_of_observed_time,2,0.05931876899349374,0.0009758678516047368,0.05055094421239504,0.06808659377459245,0.95
low,4,EVTOL_003,disembarking,minutes,2,97.5,2.9698484809834915,70.81697005403329,124.18302994596671,0.95
low,4,EVTOL_003,idle,fraction_of_observed_time,2,0.5652040709962022,0.0008164095128571842,0.5578689225469701,0.5725392194454343,0.95
low,4,EVTOL_003,idle,minutes,2,928.9067282080609,14.357684430254464,799.9080516559324,1057.9054047601894,0.95
low,4,EVTOL_003,landing,fraction_of_observed_time,2,0.03498128684951733,0.0008005886284635775,0.027788283406924262,0.0421742902921104,0.95
low,4,EVTOL_003,landing,minutes,2,57.5,2.1213203435596424,38.44069289573801,76.55930710426199,0.95
low,4,EVTOL_003,takeoff,fraction_of_observed_time,2,0.023320857899678214,0.0005337257523090377,0.01852552227128296,0.028116193528073468,0.95
low,4,EVTOL_003,takeoff,minutes,2,38.333333333333314,1.4142135623730698,25.627128597158883,51.03953806950774,0.95
low,4,EVTOL_003,waiting_for_departure,fraction_of_observed_time,2,0.015296414969894666,0.007678726079643894,-0.05369420163629727,0.08428703157608661,0.95
low,4,EVTOL_003,waiting_for_departure,minutes,2,25.050821120556748,12.267517707087155,-85.16845250126913,135.27009474238264,0.95
low,4,EVTOL_004,boarding,fraction_of_observed_time,2,0.07293291359919968,0.0010217415295157475,0.06375293017456446,0.0821128970238349,0.95
low,4,EVTOL_004,boarding,minutes,2,119.87499999999997,3.3587572106360604,89.69776375158551,150.05223624841443,0.95
low,4,EVTOL_004,charging_overlay,fraction_of_observed_time,2,0.5374069668713689,0.06514399081839806,-0.04788856888992443,1.1227025026326622,0.95
low,4,EVTOL_004,charging_overlay,minutes,2,882.4634605022436,94.68654958933813,31.738565158124743,1733.1883558463624,0.95
low,4,EVTOL_004,cleaning,fraction_of_observed_time,2,0.03042637471814551,0.0004263418477772524,0.026595845193052733,0.03425690424323829,0.95
low,4,EVTOL_004,cleaning,minutes,2,50.0,0.0,50.0,50.0,0.95
low,4,EVTOL_004,cruise,fraction_of_observed_time,2,0.14512941053926404,0.013196017167724004,0.026567900243874773,0.2636909208346533,0.95
low,4,EVTOL_004,cruise,minutes,2,238.36424625000032,18.345143329318823,73.53967289090357,403.1888196090971,0.95
low,4,EVTOL_004,departure_finalization,fraction_of_observed_time,2,0.031637400322637996,0.0004171923139165981,0.027889076097768018,0.03538572454750798,0.95
low,4,EVTOL_004,departure_finalization,minutes,2,52.0,1.4142135623730951,39.293795263825345,64.70620473617466,0.95
low,4,EVTOL_004,disembarking,fraction_of_observed_time,2,0.04961968925027366,0.00012219489009999876,0.0485218117212818,0.05071756677926551,0.95
low,4,EVTOL_004,disembarking,minutes,2,81.55,1.3435028842544443,69.47910550063403,93.62089449936596,0.95
low,4,EVTOL_004,idle,fraction_of_observed_time,2,0.601886812414528,0.014238547174101928,0.4739585416403217,0.7298150831887343,0.95
low,4,EVTOL_004,idle,minutes,2,989.34835113092,37.26135543008048,654.568355069002,1324.1283471928382,0.95
low,4,EVTOL_004,landing,fraction_of_observed_time,2,0.03163740032263798,0.0004171923139166128,0.027889076097767872,0.035385724547508095,0.95
low,4,EVTOL_004,landing,minutes,2,51.999999999999986,1.4142135623731151,39.293795263825146,64.70620473617483,0.95
low,4,EVTOL_004,takeoff,fraction_of_observed_time,2,0.021091600215091995,0.0002781282092777345,0.018592717398511985,0.023590483031672004,0.95
low,4,EVTOL_004,takeoff,minutes,2,34.66666666666667,0.942809041582065,26.195863509216885,43.13746982411646,0.95
low,4,EVTOL_004,waiting_for_cleaning_crew,fraction_of_observed_time,2,0.0006031732237637907,0.0008530157535070544,-0.007060869248757423,0.008267215696285003,0.95
low,4,EVTOL_004,waiting_for_cleaning_crew,minutes,2,1.0011205240694836,1.4157982227091241,-11.719321820343843,13.72156286848281,0.95
low,4,EVTOL_004,waiting_for_departure,fraction_of_observed_time,2,0.015035225394457275,0.003725653168834336,-0.018438440251734644,0.04850889104064919,0.95
low,4,EVTOL_004,waiting_for_departure,minutes,2,24.667080390293904,5.776766093136508,-27.235103724823375,76.56926450541118,0.95
