scenario,fleet_size,vertiport,resource_kind,metric,n,mean,std,ci_low,ci_high,confidence
low,4,BW,charger,busy_unit_minutes,2,523.5275753952599,23.063777260330216,316.3077582075836,730.7473925829361,0.95
low,4,BW,charger,capacity,2,4.0,0.0,4.0,4.0,0.95
low,4,BW,charger,fully_occupied_minutes,2,0.0,0.0,0.0,0.0,0.95
low,4,BW,charger,observed_minutes,2,1643.4724649619507,23.0287404915528,1436.5674406522558,1850.3774892716456,0.95
low,4,BW,charger,peak_occupied_units,2,2.0,0.0,2.0,2.0,0.95
low,4,BW,charger,utilization,2,0.0796698135548265,0.004624744215975055,0.03811813534717834,0.12122149176247465,0.95
low,4,BW,cleaner,busy_unit_minutes,2,35.0,7.0710678118654755,-28.531023680873297,98.53102368087329,0.95
low,4,BW,cleaner,capacity,2,1.0,0.0,1.0,1.0,0.95
low,4,BW,cleaner,fully_occupied_minutes,2,35.0,7.0710678118654755,-28.531023680873297,98.53102368087329,0.95
low,4,BW,cleaner,observed_minutes,2,1643.4724649619507,23.0287404915528,1436.5674406522558,1850.3774892716456,0.95
low,4,BW,cleaner,peak_occupied_units,2,1.0,0.0,1.0,1.0,0.95
low,4,BW,cleaner,utilization,2,0.021328609223868547,0.004601378471468801,-0.020013136098528943,0.06267035454626604,0.95
low,4,BW,movement,busy_unit_minutes,2,68.83333333333334,4.006938426723773,32.83241991417178,104.8342467524949,0.95
low,4,BW,movement,capacity,2,1.0,0.0,1.0,1.0,0.95
low,4,BW,movement,fully_occupied_minutes,2,68.83333333333334,4.006938426723773,32.83241991417178,104.8342467524949,0.95
low,4,BW,movement,observed_minutes,2,1643.4724649619507,23.0287404915528,1436.5674406522558,1850.3774892716456,0.95
low,4,BW,movement,peak_occupied_units,2,1.0,0.0,1.0,1.0,0.95
low,4,BW,movement,utilization,2,0.041869892606652526,0.0018514015904406611,0.0252357092817918,0.05850407593151325,0.95
low,4,BW,stand,busy_unit_minutes,2,660.6541030996598,30.536540150325706,386.2941751455155,935.014031053804,0.95
low,4,BW,stand,capacity,2,4.0,0.0,4.0,4.0,0.95
low,4,BW,stand,fully_occupied_minutes,2,0.0,0.0,0.0,0.0,0.95
low,4,BW,stand,observed_minutes,2,1643.4724649619507,23.0287404915528,1436.5674406522558,1850.3774892716456,0.95
low,4,BW,stand,peak_occupied_units,2,2.0,0.0,2.0,2.0,0.95
low,4,BW,stand,utilization,2,0.10047399898757191,0.003237258610761855,0.07138838434867568,0.12955961362646815,0.95
low,4,DOR,charger,busy_unit_minutes,2,310.37565762011724,112.75761342287387,-702.7113045140313,1323.462619754266,0.95
low,4,DOR,charger,capacity,2,2.0,0.0,2.0,2.0,0.95
low,4,DOR,charger,fully_occupied_minutes,2,0.28662531153208876,0.4053494028880934,-3.3552945793644744,3.9285452024286522,0.95
low,4,DOR,charger,observed_minutes,2,1643.4724649619507,23.0287404915528,1436.5674406522558,1850.3774892716456,0.95
low,4,DOR,charger,peak_occupied_units,2,1.5,0.7071067811865476,-4.853102368087329,7.853102368087329,0.95
low,4,DOR,charger,utilization,2,0.09467642706769352,0.03563131529702997,-0.22545823945575905,0.4148110935911461,0.95
low,4,DOR,cleaner,busy_unit_minutes,2,40.0,14.142135623730951,-87.0620473617466,167.06204736174658,0.95
low,4,DOR,cleaner,capacity,2,1.0,0.0,1.0,1.0,0.95
low,4,DOR,cleaner,fully_occupied_minutes,2,40.0,14.142135623730951,-87.0620473617466,167.06204736174658,0.95
low,4,DOR,cleaner,observed_minutes,2,1643.4724649619507,23.0287404915528,1436.5674406522558,1850.3774892716456,0.95
low,4,DOR,cleaner,peak_occupied_units,2,1.0,0.0,1.0,1.0,0.95
low,4,DOR,cleaner,utilization,2,0.024401393616849787,0.00894695183427125,-0.0559837793128895,0.10478656654658908,0.95
low,4,DOR,movement,busy_unit_minutes,2,41.66666666666665,4.71404520791034,-0.687349120582418,84.02068245391573,0.95
low,4,DOR,movement,capacity,2,1.0,0.0,1.0,1.0,0.95
low,4,DOR,movement,fully_occupied_minutes,2,41.66666666666665,4.71404520791034,-0.687349120582418,84.02068245391573,0.95
low,4,DOR,movement,observed_minutes,2,1643.4724649619507,23.0287404915528,1436.5674406522558,1850.3774892716456,0.95
low,4,DOR,movement,peak_occupied_units,2,1.0,0.0,1.0,1.0,0.95
low,4,DOR,movement,utilization,2,0.02537541021256571,0.0032239109918308726,-0.003590280828233417,0.05434110125336483,0.95
low,4,DOR,stand,busy_unit_minutes,2,368.46093858741676,129.8487816719184,-798.1840778114355,1535.105954986269,0.95
low,4,DOR,stand,capacity,2,2.0,0.0,2.0,2.0,0.95
low,4,DOR,stand,fully_occupied_minutes,2,2.5160370125450906,3.5582136665739523,-29.453244392646077,34.48531841773626,0.95
low,4,DOR,stand,observed_minutes,2,1643.4724649619507,23.0287404915528,1436.5674406522558,1850.3774892716456,0.95
low,4,DOR,stand,peak_occupied_units,2,1.5,0.7071067811865476,-4.853102368087329,7.853102368087329,0.95
low,4,DOR,stand,utilization,2,0.1123861057121516,0.04107918005235556,-0.25669568364895845,0.4814678950732616,0.95
low,4,EXPO,charger,busy_unit_minutes,2,109.30997479243024,85.94664164917401,-662.8899632059985,881.509912790859,0.95
low,4,EXPO,charger,capacity,2,2.0,0.0,2.0,2.0,0.95
low,4,EXPO,charger,fully_occupied_minutes,2,0.0,0.0,0.0,0.0,0.95
low,4,EXPO,charger,observed_minutes,2,1643.4724649619507,23.0287404915528,1436.5674406522558,1850.3774892716456,0.95
low,4,EXPO,charger,peak_occupied_units,2,1.0,0.0,1.0,1.0,0.95
low,4,EXPO,charger,utilization,2,0.03307584928460043,0.025684413079504507,-0.19768944656579324,0.2638411451349941,0.95
low,4,EXPO,cleaner,busy_unit_minutes,2,10.0,0.0,10.0,10.0,0.95
low,4,EXPO,cleaner,capacity,2,1.0,0.0,1.0,1.0,0.95
low,4,EXPO,cleaner,fully_occupied_minutes,2,10.0,0.0,10.0,10.0,0.95
low,4,EXPO,cleaner,observed_minutes,2,1643.4724649619507,23.0287404915528,1436.5674406522558,1850.3774892716456,0.95
low,4,EXPO,cleaner,peak_occupied_units,2,1.0,0.0,1.0,1.0,0.95
low,4,EXPO,cleaner,utilization,2,0.006085274943629102,8.526836955545108e-05,0.0053191690386105404,0.006851380848647663,0.95
low,4,EXPO,movement,busy_unit_minutes,2,18.333333333333332,9.428090415820634,-66.3746982411644,103.04136490783105,0.95
low,4,EXPO,movement,capacity,2,1.0,0.0,1.0,1.0,0.95
low,4,EXPO,movement,fully_occupied_minutes,2,18.333333333333332,9.428090415820634,-66.3746982411644,103.04136490783105,0.95
low,4,EXPO,movement,observed_minutes,2,1643.4724649619507,23.0287404915528,1436.5674406522558,1850.3774892716456,0.95
low,4,EXPO,movement,peak_occupied_units,2,1.0,0.0,1.0,1.0,0.95
low,4,EXPO,movement,utilization,2,0.011116141501764435,0.005580926893181306,-0.039026497212144934,0.0612587802156738,0.95
low,4,EXPO,stand,busy_unit_minutes,2,162.4560420179596,141.30754083308656,-1107.141840764102,1432.0539248000212,0.95
low,4,EXPO,stand,capacity,2,2.0,0.0,2.0,2.0,0.95
low,4,EXPO,stand,fully_occupied_minutes,2,0.0,0.0,0.0,0.0,0.95
low,4,EXPO,stand,observed_minutes,2,1643.4724649619507,23.0287404915528,1436.5674406522558,1850.3774892716456,0.95
low,4,EXPO,stand,peak_occupied_units,2,1.0,0.0,1.0,1.0,0.95
low,4,EXPO,stand,utilization,2,0.049128257506334115,0.042302143787506234,-0.3309414250677827,0.42919794008045087,0.95
low,4,JUG,charger,busy_unit_minutes,2,386.868965208042,118.92871380309577,-681.6631340431684,1455.4010644592524,0.95
low,4,JUG,charger,capacity,2,2.0,0.0,2.0,2.0,0.95
low,4,JUG,charger,fully_occupied_minutes,2,33.55366061122988,28.172900610877313,-219.5698086426084,286.67712986506814,0.95
low,4,JUG,charger,observed_minutes,2,1643.4724649619507,23.0287404915528,1436.5674406522558,1850.3774892716456,0.95
low,4,JUG,charger,peak_occupied_units,2,2.0,0.0,2.0,2.0,0.95
low,4,JUG,charger,utilization,2,0.11796372246039376,0.037835080403945454,-0.22197098797716086,0.4578984328979484,0.95
low,4,JUG,cleaner,busy_unit_minutes,2,15.0,7.0710678118654755,-48.5310236808733,78.53102368087329,0.95
low,4,JUG,cleaner,capacity,2,1.0,0.0,1.0,1.0,0.95
low,4,JUG,cleaner,fully_occupied_minutes,2,15.0,7.0710678118654755,-48.5310236808733,78.53102368087329,0.95
low,4,JUG,cleaner,observed_minutes,2,1643.4724649619507,23.0287404915528,1436.5674406522558,1850.3774892716456,0.95
low,4,JUG,cleaner,peak_occupied_units,2,1.0,0.0,1.0,1.0,0.95
low,4,JUG,cleaner,utilization,2,0.009158059336610343,0.0044308417323579005,-0.030651474175750034,0.04896759284897072,0.95
low,4,JUG,movement,busy_unit_minutes,2,50.33333333333333,2.3570226039551603,29.156325439708883,71.51034122695778,0.95
low,4,JUG,movement,capacity,2,1.0,0.0,1.0,1.0,0.95
low,4,JUG,movement,fully_occupied_minutes,2,50.33333333333333,2.3570226039551603,29.156325439708883,71.51034122695778,0.95
low,4,JUG,movement,observed_minutes,2,1643.4724649619507,23.0287404915528,1436.5674406522558,1850.3774892716456,0.95
low,4,JUG,movement,peak_occupied_units,2,1.0,0.0,1.0,1.0,0.95
low,4,JUG,movement,utilization,2,0.03061916824254425,0.001005128932579138,0.02158844307952683,0.03964989340556167,0.95
low,4,JUG,stand,busy_unit_minutes,2,473.69415532167363,154.03683435028407,-910.271892127799,1857.6602027711463,0.95
low,4,JUG,stand,capacity,2,2.0,0.0,2.0,2.0,0.95
low,4,JUG,stand,fully_occupied_minutes,2,62.51040026324191,60.727287274477945,-483.10262856899413,608.123429095478,0.95
low,4,JUG,stand,observed_minutes,2,1643.4724649619507,23.0287404915528,1436.5674406522558,1850.3774892716456,0.95
low,4,JUG,stand,peak_occupied_units,2,2.0,0.0,2.0,2.0,0.95
low,4,JUG,stand,utilization,2,0.14445632045903992,0.04888738083799778,-0.2947793695880797,0.5836920105061595,0.95
low,4,LYBE,charger,busy_unit_minutes,2,1921.37474142462,177.80717068667258,323.8406953547217,3518.908787494518,0.95
low,4,LYBE,charger,capacity,2,6.0,0.0,6.0,6.0,0.95
low,4,LYBE,charger,fully_occupied_minutes,2,0.0,0.0,0.0,0.0,0.95
low,4,LYBE,charger,observed_minutes,2,1643.4724649619507,23.0287404915528,1436.5674406522558,1850.3774892716456,0.95
low,4,LYBE,charger,peak_occupied_units,2,4.0,0.0,4.0,4.0,0.95
low,4,LYBE,charger,utilization,2,0.1947418817923871,0.015302883817848155,0.05725092567597592,0.3322328379087983,0.95
low,4,LYBE,cleaner,busy_unit_minutes,2,105.0,35.35533905932738,-212.65511840436642,422.6551184043664,0.95
low,4,LYBE,cleaner,capacity,2,1.0,0.0,1.0,1.0,0.95
low,4,LYBE,cleaner,fully_occupied_minutes,2,105.0,35.35533905932738,-212.65511840436642,422.6551184043664,0.95
low,4,LYBE,cleaner,observed_minutes,2,1643.4724649619507,23.0287404915528,1436.5674406522558,1850.3774892716456,0.95
low,4,LYBE,cleaner,peak_occupied_units,2,1.0,0.0,1.0,1.0,0.95
low,4,LYBE,cleaner,utilization,2,0.06374465230227212,0.020619378009791387,-0.12151310896919569,0.24900241357373992,0.95
low,4,LYBE,movement,busy_unit_minutes,2,189.5,5.892556509887883,136.55748026593903,242.44251973406097,0.95
low,4,LYBE,movement,capacity,2,1.0,0.0,1.0,1.0,0.95
low,4,LYBE,movement,fully_occupied_minutes,2,189.5,5.892556509887883,136.55748026593903,242.44251973406097,0.95
low,4,LYBE,movement,observed_minutes,2,1643.4724649619507,23.0287404915528,1436.5674406522558,1850.3774892716456,0.95
low,4,LYBE,movement,peak_occupied_units,2,1.0,0.0,1.0,1.0,0.95
low,4,LYBE,movement,utilization,2,0.11529083774746592,0.0019699470452781494,0.09759156576854044,0.1329901097263914,0.95
low,4,LYBE,stand,busy_unit_minutes,2,2959.2181517085555,201.6939252245286,1147.0701309773985,4771.3661724397125,0.95
low,4,LYBE,stand,capacity,2,6.0,0.0,6.0,6.0,0.95
low,4,LYBE,stand,fully_occupied_minutes,2,0.0,0.0,0.0,0.0,0.95
low,4,LYBE,stand,observed_minutes,2,1643.4724649619507,23.0287404915528,1436.5674406522558,1850.3774892716456,0.95
low,4,LYBE,stand,peak_occupied_units,2,4.0,0.0,4.0,4.0,0.95
low,4,LYBE,stand,utilization,2,0.2999842835874655,0.01625058804159909,0.15397854284679258,0.4459900243281384,0.95
low,4,LYBV,charger,busy_unit_minutes,2,340.9265689598012,37.0732035438054,7.837050525955817,674.0160873936466,0.95
low,4,LYBV,charger,capacity,2,2.0,0.0,2.0,2.0,0.95
low,4,LYBV,charger,fully_occupied_minutes,2,1.6831466251993787,1.0445766620387724,-7.702002325163333,11.068295575562091,0.95
low,4,LYBV,charger,observed_minutes,2,1643.4724649619507,23.0287404915528,1436.5674406522558,1850.3774892716456,0.95
low,4,LYBV,charger,peak_occupied_units,2,2.0,0.0,2.0,2.0,0.95
low,4,LYBV,charger,utilization,2,0.10381062467593533,0.012733544463925854,-0.010595733232503984,0.21821698258437464,0.95
low,4,LYBV,cleaner,busy_unit_minutes,2,25.0,7.0710678118654755,-38.5310236808733,88.53102368087329,0.95
low,4,LYBV,cleaner,capacity,2,1.0,0.0,1.0,1.0,0.95
low,4,LYBV,cleaner,fully_occupied_minutes,2,25.0,7.0710678118654755,-38.5310236808733,88.53102368087329,0.95
low,4,LYBV,cleaner,observed_minutes,2,1643.4724649619507,23.0287404915528,1436.5674406522558,1850.3774892716456,0.95
low,4,LYBV,cleaner,peak_occupied_units,2,1.0,0.0,1.0,1.0,0.95
low,4,LYBV,cleaner,utilization,2,0.015183040437906067,0.004089768254136097,-0.02156206945438007,0.051928150330192206,0.95
low,4,LYBV,movement,busy_unit_minutes,2,47.16666666666667,1.6499158227686126,32.34276114112956,61.990572192203786,0.95
low,4,LYBV,movement,capacity,2,1.0,0.0,1.0,1.0,0.95
low,4,LYBV,movement,fully_occupied_minutes,2,47.16666666666667,1.6499158227686126,32.34276114112956,61.990572192203786,0.95
low,4,LYBV,movement,observed_minutes,2,1643.4724649619507,23.0287404915528,1436.5674406522558,1850.3774892716456,0.95
low,4,LYBV,movement,peak_occupied_units,2,1.0,0.0,1.0,1.0,0.95
low,4,LYBV,movement,utilization,2,0.028709247765722826,0.0014062016179423108,0.01607502749425771,0.04134346803718794,0.95
low,4,LYBV,stand,busy_unit_minutes,2,443.72916392920376,17.567395489203705,285.8923776713972,601.5659501870103,0.95
low,4,LYBV,stand,capacity,2,2.0,0.0,2.0,2.0,0.95
low,4,LYBV,stand,fully_occupied_minutes,2,3.683146625199379,1.0445766620387726,-5.702002325163335,13.068295575562093,0.95
low,4,LYBV,stand,observed_minutes,2,1643.4724649619507,23.0287404915528,1436.5674406522558,1850.3774892716456,0.95
low,4,LYBV,stand,peak_occupied_units,2,2.0,0.0,2.0,2.0,0.95
low,4,LYBV,stand,utilization,2,0.1350481467300612,0.007236924696386047,0.07002695806442695,0.2000693353956955,0.95
