scenario,fleet_size,origin,destination,metric,n,mean,std,ci_low,ci_high,confidence
low,4,BW,LYBE,boarded_passengers,2,41.5,3.5355339059327378,9.734488159563352,73.26551184043664,0.95
low,4,BW,LYBE,completed_journeys,2,41.5,3.5355339059327378,9.734488159563352,73.26551184043664,0.95
low,4,BW,LYBE,extra_after_boarding_min_max,2,2.644127149088975,0.735640712625234,-3.965342421544155,9.253596719722104,0.95
low,4,BW,LYBE,extra_after_boarding_min_mean,2,0.28312101096843917,0.06054779849857185,-0.2608793751942687,0.8271213971311471,0.95
low,4,BW,LYBE,extra_after_boarding_min_p95,2,1.66679747081035,0.6443982736721466,-4.122891310830466,7.456486252451166,0.95
low,4,BW,LYBE,fraction_boarding_within_wait_limit,2,0.8149766899766899,0.10095638775682057,-0.0920804663061745,1.7220338462595544,0.95
low,4,BW,LYBE,generated_passengers,2,41.5,3.5355339059327378,9.734488159563352,73.26551184043664,0.95
low,4,BW,LYBE,journey_duration_min_max,2,92.80647776933986,43.41873163888997,-297.29534862172625,482.90830416040603,0.95
low,4,BW,LYBE,journey_duration_min_mean,2,41.34910134516096,4.344033461262356,2.3195092042314087,80.37869348609051,0.95
low,4,BW,LYBE,journey_duration_min_p95,2,68.32417414517593,32.64687943703945,-224.99640003186428,361.6447483222162,0.95
low,4,BW,LYBE,on_time_passengers,2,34.0,7.0710678118654755,-29.531023680873297,97.53102368087329,0.95
low,4,BW,LYBE,wait_to_boarding_min_max,2,67.48211250792144,40.652797326606574,-297.7687800540915,432.7330050699344,0.95
low,4,BW,LYBE,wait_to_boarding_min_mean,2,16.241516745189518,3.8840011011684696,-18.654848627068684,51.13788211744772,0.95
low,4,BW,LYBE,wait_to_boarding_min_p95,2,40.15112246699111,30.185801612888216,-231.05754475530938,311.35978968929163,0.95
low,4,DOR,LYBE,boarded_passengers,2,18.5,3.5355339059327378,-13.265511840436648,50.265511840436645,0.95
low,4,DOR,LYBE,completed_journeys,2,18.5,3.5355339059327378,-13.265511840436648,50.265511840436645,0.95
low,4,DOR,LYBE,extra_after_boarding_min_max,2,5.821957349999927,0.2904233284167941,3.2126072707708455,8.431307429229008,0.95
low,4,DOR,LYBE,extra_after_boarding_min_mean,2,0.7762576150512034,0.20134668729073274,-1.0327705966239766,2.5852858267263836,0.95
low,4,DOR,LYBE,extra_after_boarding_min_p95,2,3.299452755179648,0.3184593236562545,0.438209252656538,6.160696257702758,0.95
low,4,DOR,LYBE,fraction_boarding_within_wait_limit,2,0.7321428571428572,0.025253813613805257,0.5052463439968813,0.9590393702888331,0.95
low,4,DOR,LYBE,generated_passengers,2,18.5,3.5355339059327378,-13.265511840436648,50.265511840436645,0.95
low,4,DOR,LYBE,journey_duration_min_max,2,81.43470937322581,19.10865804991656,-90.24977158194775,253.11919032839938,0.95
low,4,DOR,LYBE,journey_duration_min_mean,2,42.37505928142803,1.5319273645667597,28.611237993735905,56.138880569120154,0.95
low,4,DOR,LYBE,journey_duration_min_p95,2,58.518166690762094,5.911725215408256,5.4034229706289025,111.63291041089528,0.95
low,4,DOR,LYBE,on_time_passengers,2,13.5,2.1213203435596424,-5.559307104261986,32.55930710426199,0.95
low,4,DOR,LYBE,wait_to_boarding_min_max,2,55.278461585371225,17.39446370415127,-101.00459422837062,211.56151739911306,0.95
low,4,DOR,LYBE,wait_to_boarding_min_mean,2,16.26799703328266,2.1745760349271257,-3.2697934739713617,35.805787540536684,0.95
low,4,DOR,LYBE,wait_to_boarding_min_p95,2,32.06897299357349,5.324277204883514,-15.767759758357244,79.90570574550422,0.95
low,4,EXPO,LYBE,boarded_passengers,2,6.0,1.4142135623730951,-6.706204736174659,18.70620473617466,0.95
low,4,EXPO,LYBE,completed_journeys,2,6.0,1.4142135623730951,-6.706204736174659,18.70620473617466,0.95
low,4,EXPO,LYBE,extra_after_boarding_min_max,2,0.4038518923476052,0.5711328233480224,-4.727572934912634,5.535276719607844,0.95
low,4,EXPO,LYBE,extra_after_boarding_min_mean,2,0.16154075693904207,0.22845312933920897,-1.8910291739650535,2.214110687843138,0.95
low,4,EXPO,LYBE,extra_after_boarding_min_p95,2,0.4038518923476052,0.5711328233480224,-4.727572934912634,5.535276719607844,0.95
low,4,EXPO,LYBE,fraction_boarding_within_wait_limit,2,0.8285714285714285,0.040406101782088366,0.4655370075378674,1.1916058496049895,0.95
low,4,EXPO,LYBE,generated_passengers,2,6.0,1.4142135623730951,-6.706204736174659,18.70620473617466,0.95
low,4,EXPO,LYBE,journey_duration_min_max,2,99.5788986172507,72.15492542765769,-548.7073854350592,747.8651826695607,0.95
low,4,EXPO,LYBE,journey_duration_min_mean,2,44.174168199095945,10.36598421852602,-48.9605048636695,137.3088412618614,0.95
low,4,EXPO,LYBE,journey_duration_min_p95,2,81.37893967295653,49.32788669299196,-361.8145384550859,524.572417800999,0.95
low,4,EXPO,LYBE,on_time_passengers,2,5.0,1.4142135623730951,-7.706204736174659,17.70620473617466,0.95
low,4,EXPO,LYBE,wait_to_boarding_min_max,2,79.50759185694957,73.01970744270115,-576.5484503334915,735.5636340473907,0.95
low,4,EXPO,LYBE,wait_to_boarding_min_mean,2,23.58039178254931,11.329381959619457,-78.21006656356501,125.37085012866363,0.95
low,4,EXPO,LYBE,wait_to_boarding_min_p95,2,60.79905737806254,50.203405018019495,-390.2606408061681,511.85875556229325,0.95
low,4,JUG,LYBE,boarded_passengers,2,22.0,4.242640687119285,-16.118614208523972,60.11861420852397,0.95
low,4,JUG,LYBE,completed_journeys,2,22.0,4.242640687119285,-16.118614208523972,60.11861420852397,0.95
low,4,JUG,LYBE,extra_after_boarding_min_max,2,5.362807647981118,0.7521096043078278,-1.3946290437887807,12.120244339751016,0.95
low,4,JUG,LYBE,extra_after_boarding_min_mean,2,0.761859869921633,0.23799338635788558,-1.3764258694998273,2.9001456093430935,0.95
low,4,JUG,LYBE,extra_after_boarding_min_p95,2,3.291763471577662,1.913241413885128,-13.898028623019213,20.481555566174535,0.95
low,4,JUG,LYBE,fraction_boarding_within_wait_limit,2,0.6821052631578948,0.0029772917102591254,0.6553553584501588,0.7088551678656307,0.95
low,4,JUG,LYBE,generated_passengers,2,22.0,4.242640687119285,-16.118614208523972,60.11861420852397,0.95
low,4,JUG,LYBE,journey_duration_min_max,2,69.00322951395597,21.46657143721335,-123.8662627056309,261.87272173354285,0.95
low,4,JUG,LYBE,journey_duration_min_mean,2,42.864644508007814,2.214319591466388,22.969772312550905,62.759516703464726,0.95
low,4,JUG,LYBE,journey_duration_min_p95,2,63.76237714362422,20.516554297491716,-120.5715497261845,248.09630401343293,0.95
low,4,JUG,LYBE,on_time_passengers,2,15.0,2.8284271247461903,-10.412409472349317,40.41240947234932,0.95
low,4,JUG,LYBE,wait_to_boarding_min_max,2,39.398803405662086,23.051853376675307,-167.71388193785668,246.51148874918084,0.95
low,4,JUG,LYBE,wait_to_boarding_min_mean,2,17.04016575335662,2.717956183250571,-7.379701688999777,41.460033195713024,0.95
low,4,JUG,LYBE,wait_to_boarding_min_p95,2,38.49810464733699,22.894843688590964,-167.2039046176587,244.20011391233268,0.95
low,4,LYBE,BW,boarded_passengers,2,46.5,4.949747468305833,2.028283423388693,90.9717165766113,0.95
low,4,LYBE,BW,completed_journeys,2,46.5,4.949747468305833,2.028283423388693,90.9717165766113,0.95
low,4,LYBE,BW,extra_after_boarding_min_max,2,3.4807990585493824,1.494306713484948,-9.94501408972739,16.906612206826154,0.95
low,4,LYBE,BW,extra_after_boarding_min_mean,2,0.38069952892669917,0.38466652317630506,-3.075392060542272,3.8367911183956704,0.95
low,4,LYBE,BW,extra_after_boarding_min_p95,2,1.6901653793238678,2.2986529120919434,-18.962411639831423,22.34274239847916,0.95
low,4,LYBE,BW,fraction_boarding_within_wait_limit,2,0.7504651162790698,0.04176863312125193,0.3751888368618178,1.1257413956963216,0.95
low,4,LYBE,BW,generated_passengers,2,46.5,4.949747468305833,2.028283423388693,90.9717165766113,0.95
low,4,LYBE,BW,journey_duration_min_max,2,44.35259763647106,4.329668806449287,5.452066798498507,83.25312847444361,0.95
low,4,LYBE,BW,journey_duration_min_mean,2,29.01007646239482,0.49961885239390125,24.521179171721865,33.49897375306777,0.95
low,4,LYBE,BW,journey_duration_min_p95,2,38.82871804626052,4.336393241002146,-0.13222943912437302,77.78966553164541,0.95
low,4,LYBE,BW,on_time_passengers,2,35.0,5.656854249492381,-15.824818944698634,85.82481894469863,0.95
low,4,LYBE,BW,wait_to_boarding_min_max,2,26.18325980900196,5.24126031758702,-20.907595803425778,73.2741154214297,0.95
low,4,LYBE,BW,wait_to_boarding_min_mean,2,13.43991168308055,1.0914183294266158,3.6339070487891654,23.245916317371936,0.95
low,4,LYBE,BW,wait_to_boarding_min_p95,2,23.04182669800322,1.829387368918936,6.605433306151738,39.4782200898547,0.95
low,4,LYBE,DOR,boarded_passengers,2,22.5,0.7071067811865476,16.146897631912672,28.853102368087328,0.95
low,4,LYBE,DOR,completed_journeys,2,22.5,0.7071067811865476,16.146897631912672,28.853102368087328,0.95
low,4,LYBE,DOR,extra_after_boarding_min_max,2,4.012596080033593,3.0424992454859905,-23.32317508732216,31.348367247389344,0.95
low,4,LYBE,DOR,extra_after_boarding_min_mean,2,0.801857815136193,0.6914330848806705,-5.410421978812535,7.014137609084922,0.95
low,4,LYBE,DOR,extra_after_boarding_min_p95,2,3.7008504077626023,2.76536540090018,-21.14497195531098,28.54667277083618,0.95
low,4,LYBE,DOR,fraction_boarding_within_wait_limit,2,0.7766798418972332,0.06987221157969836,0.1489029280546118,1.4044567557398544,0.95
low,4,LYBE,DOR,generated_passengers,2,22.5,0.7071067811865476,16.146897631912672,28.853102368087328,0.95
low,4,LYBE,DOR,journey_duration_min_max,2,46.070694561380876,4.595726421142533,4.779730896390362,87.36165822637139,0.95
low,4,LYBE,DOR,journey_duration_min_mean,2,31.13751255814031,2.0278042838508603,12.918413914887722,49.356611201392894,0.95
low,4,LYBE,DOR,journey_duration_min_p95,2,38.54240399863323,6.241952477248234,-17.539313953711535,94.62412195097801,0.95
low,4,LYBE,DOR,on_time_passengers,2,17.5,2.1213203435596424,-1.5593071042619862,36.55930710426199,0.95
low,4,LYBE,DOR,wait_to_boarding_min_max,2,26.960078878816418,2.588408825177079,3.704148269274853,50.21600948835798,0.95
low,4,LYBE,DOR,wait_to_boarding_min_mean,2,14.561382401633853,1.5596827871789063,0.5481885356889755,28.57457626757873,0.95
low,4,LYBE,DOR,wait_to_boarding_min_p95,2,19.805460516271072,2.455221448900422,-2.2538289944498935,41.86475002699204,0.95
low,4,LYBE,EXPO,boarded_passengers,2,8.0,4.242640687119285,-30.118614208523972,46.11861420852397,0.95
low,4,LYBE,EXPO,completed_journeys,2,8.0,4.242640687119285,-30.118614208523972,46.11861420852397,0.95
low,4,LYBE,EXPO,extra_after_boarding_min_max,2,0.8408572092293374,1.1891516693113202,-9.843246645127076,11.524961063585751,0.95
low,4,LYBE,EXPO,extra_after_boarding_min_mean,2,0.24503694457808073,0.3465345703047862,-2.868452641157695,3.3585265303138567,0.95
low,4,LYBE,EXPO,extra_after_boarding_min_p95,2,0.816494313407687,1.1546973316216593,-9.558049598672739,11.191038225488114,0.95
low,4,LYBE,EXPO,fraction_boarding_within_wait_limit,2,0.7090909090909091,0.15427784316797405,-0.6770405166735994,2.0952223348554178,0.95
low,4,LYBE,EXPO,generated_passengers,2,8.0,4.242640687119285,-30.118614208523972,46.11861420852397,0.95
low,4,LYBE,EXPO,journey_duration_min_max,2,40.155844758722985,8.008155991269572,-31.794582172234804,112.10627168968077,0.95
low,4,LYBE,EXPO,journey_duration_min_mean,2,28.04336718579794,2.8424559983235325,2.5049132851993967,53.58182108639649,0.95
low,4,LYBE,EXPO,journey_duration_min_p95,2,38.2730077952189,8.265962909468588,-35.993722395864694,112.5397379863025,0.95
low,4,LYBE,EXPO,on_time_passengers,2,6.0,4.242640687119285,-32.11861420852397,44.11861420852397,0.95
low,4,LYBE,EXPO,wait_to_boarding_min_max,2,28.4926733744703,10.790099920989952,-68.45252809129711,125.43787484023771,0.95
low,4,LYBE,EXPO,wait_to_boarding_min_mean,2,16.478653910916833,1.4970768885528636,3.0279517271333454,29.92935609470032,0.95
low,4,LYBE,EXPO,wait_to_boarding_min_p95,2,26.70297351514456,9.586830334669086,-59.43127964451999,112.83722667480912,0.95
low,4,LYBE,JUG,boarded_passengers,2,25.0,1.4142135623730951,12.293795263825341,37.706204736174655,0.95
low,4,LYBE,JUG,completed_journeys,2,25.0,1.4142135623730951,12.293795263825341,37.706204736174655,0.95
low,4,LYBE,JUG,extra_after_boarding_min_max,2,4.927245565229411,1.5425751328544834,-8.932242124940247,18.78673325539907,0.95
low,4,LYBE,JUG,extra_after_boarding_min_mean,2,0.8631566520797234,0.2827545523520734,-1.6772922078803905,3.403605512039837,0.95
low,4,LYBE,JUG,extra_after_boarding_min_p95,2,4.821203191030456,1.6489197656668515,-9.993753116509724,19.636159498570635,0.95
low,4,LYBE,JUG,fraction_boarding_within_wait_limit,2,0.7644230769230769,0.1563793843008711,-0.6405899467885439,2.1694361006346976,0.95
low,4,LYBE,JUG,generated_passengers,2,25.0,1.4142135623730951,12.293795263825341,37.706204736174655,0.95
low,4,LYBE,JUG,journey_duration_min_max,2,39.94184070651585,6.398074041711104,-17.542573850200597,97.42625526323229,0.95
low,4,LYBE,JUG,journey_duration_min_mean,2,30.177254204529355,1.040929368940637,20.824874882510457,39.52963352654825,0.95
low,4,LYBE,JUG,journey_duration_min_p95,2,37.582367654197384,4.6156465066834,-3.8875708785066365,79.0523061869014,0.95
low,4,LYBE,JUG,on_time_passengers,2,19.0,2.8284271247461903,-6.412409472349317,44.41240947234932,0.95
low,4,LYBE,JUG,wait_to_boarding_min_max,2,21.93153088299138,4.704282489443414,-20.334770358928168,64.19783212491093,0.95
low,4,LYBE,JUG,wait_to_boarding_min_mean,2,13.831494916552202,1.0138211144021618,4.722673598338764,22.94031623476564,0.95
low,4,LYBE,JUG,wait_to_boarding_min_p95,2,20.997348867919946,4.52565055813272,-19.66400814772357,61.658705883563464,0.95
low,4,LYBE,LYBV,boarded_passengers,2,23.5,0.7071067811865476,17.146897631912672,29.853102368087328,0.95
low,4,LYBE,LYBV,completed_journeys,2,23.5,0.7071067811865476,17.146897631912672,29.853102368087328,0.95
low,4,LYBE,LYBV,extra_after_boarding_min_max,2,6.148454757135733,0.0081156409115459,6.075538616511016,6.221370897760449,0.95
low,4,LYBE,LYBV,extra_after_boarding_min_mean,2,1.4158739263319113,0.7767302699738462,-5.562770669970021,8.394518522633843,0.95
low,4,LYBE,LYBV,extra_after_boarding_min_p95,2,3.998290496973035,1.2811401459971758,-7.512297029466105,15.508878023412176,0.95
low,4,LYBE,LYBV,fraction_boarding_within_wait_limit,2,0.7010869565217391,0.06917348946390138,0.07958781181754404,1.3225861012259341,0.95
low,4,LYBE,LYBV,generated_passengers,2,23.5,0.7071067811865476,17.146897631912672,29.853102368087328,0.95
low,4,LYBE,LYBV,journey_duration_min_max,2,44.216027988685894,0.7614394538898996,37.37476592421303,51.05729005315876,0.95
low,4,LYBE,LYBV,journey_duration_min_mean,2,31.059444024272445,0.8768308945530958,23.181430998786016,38.937457049758876,0.95
low,4,LYBE,LYBV,journey_duration_min_p95,2,41.847406716994044,0.10168169783726298,40.93383290818817,42.760980525799916,0.95
low,4,LYBE,LYBV,on_time_passengers,2,16.5,2.1213203435596424,-2.559307104261986,35.55930710426199,0.95
low,4,LYBE,LYBV,wait_to_boarding_min_max,2,23.989794831090272,0.12800851956995846,22.839683913683153,25.13990574849739,0.95
low,4,LYBE,LYBV,wait_to_boarding_min_mean,2,14.2271329066362,0.6118563475575544,8.729821730982728,19.724444082289672,0.95
low,4,LYBE,LYBV,wait_to_boarding_min_p95,2,21.880150172011277,1.1526372224693018,11.524115606301985,32.23618473772057,0.95
low,4,LYBV,LYBE,boarded_passengers,2,24.5,4.949747468305833,-19.971716576611307,68.9717165766113,0.95
low,4,LYBV,LYBE,completed_journeys,2,24.5,4.949747468305833,-19.971716576611307,68.9717165766113,0.95
low,4,LYBV,LYBE,extra_after_boarding_min_max,2,5.245234853593441,0.1976202458096931,3.46968739026861,7.020782316918273,0.95
low,4,LYBV,LYBE,extra_after_boarding_min_mean,2,1.0016684059727774,0.7289290426345594,-5.547499202289089,7.550836014234644,0.95
low,4,LYBV,LYBE,extra_after_boarding_min_p95,2,4.99910618504764,0.150458255336611,3.647292394387451,6.3509199757078285,0.95
low,4,LYBV,LYBE,fraction_boarding_within_wait_limit,2,0.7857142857142857,0.10101525445522103,-0.12187176686961798,1.6933003382981893,0.95
low,4,LYBV,LYBE,generated_passengers,2,24.5,4.949747468305833,-19.971716576611307,68.9717165766113,0.95
low,4,LYBV,LYBE,journey_duration_min_max,2,80.76734113104655,36.67726928067575,-248.76484908643678,410.29953134852985,0.95
low,4,LYBV,LYBE,journey_duration_min_mean,2,42.27978209527231,4.337165389844411,3.3118971277859544,81.24766706275867,0.95
low,4,LYBV,LYBE,journey_duration_min_p95,2,64.27159099891134,18.89482900590929,-105.49171221904851,234.03489421687118,0.95
low,4,LYBV,LYBE,on_time_passengers,2,19.0,1.4142135623730951,6.293795263825341,31.70620473617466,0.95
low,4,LYBV,LYBE,wait_to_boarding_min_max,2,53.15295123683694,31.26070558389484,-227.71334499619013,334.019247469864,0.95
low,4,LYBV,LYBE,wait_to_boarding_min_mean,2,15.452823111008158,3.1109930945763415,-12.498340874565422,43.40398709658174,0.95
low,4,LYBV,LYBE,wait_to_boarding_min_p95,2,36.68901925078741,13.428740649188729,-83.96342856711021,157.34146706868503,0.95
