start_s,end_s,vertiport,waiting_passengers
-8589.685791410968,2943.008824710608,LYBE,0
-8589.685791410968,4038.008824710608,EXPO,0
-8589.685791410968,-7689.685791410968,BW,1
-8589.685791410968,-4129.214763538449,JUG,0
-8589.685791410968,4038.008824710608,DOR,0
-8589.685791410968,-7310.093753386209,LYBV,0
-7689.685791410968,4038.008824710608,BW,0
-7310.093753386209,-6410.093753386209,LYBV,1
-6410.093753386209,4038.008824710608,LYBV,0
-4129.214763538449,-3229.214763538449,JUG,1
-3229.214763538449,4038.008824710608,JUG,0
2943.008824710608,3843.008824710608,LYBE,1
3843.008824710608,4038.008824710608,LYBE,0
4038.0088247106087,4074.571455082855,LYBE,0
4038.0088247106087,10714.555242255907,EXPO,0
4038.0088247106087,6693.337270162404,BW,0
4038.0088247106087,8264.387477197839,JUG,0
4038.0088247106087,7344.532563914503,DOR,0
4038.0088247106087,9038.022309284668,LYBV,0
4074.571455082855,4974.571455082855,LYBE,1
4974.571455082855,5755.868405199968,LYBE,0
5755.868405199968,6170.032260558674,LYBE,1
6170.032260558674,6655.868405199968,LYBE,2
6655.868405199968,6912.3373125306525,LYBE,1
6693.337270162404,7593.337270162404,BW,1
6912.3373125306525,7070.032260558674,LYBE,2
7070.032260558674,7657.8445003874795,LYBE,1
7344.532563914503,8142.551607459009,DOR,1
7593.337270162404,10428.243821746415,BW,0
7657.8445003874795,7812.3373125306525,LYBE,2
7812.3373125306525,8522.0806069149,LYBE,1
8142.551607459009,8154.768293796771,DOR,2
8154.768293796771,8244.532563914503,DOR,3
8244.532563914503,10166.833371314906,DOR,0
8264.387477197839,9164.387477197839,JUG,1
8522.0806069149,8557.84450038748,LYBE,2
8557.84450038748,9065.005922843404,LYBE,1
9038.022309284668,9582.420207753525,LYBV,1
9065.005922843404,9422.0806069149,LYBE,2
9164.387477197839,11372.362580784695,JUG,0
9422.0806069149,13921.729954668925,LYBE,0
9582.420207753525,9938.022309284668,LYBV,2
9938.022309284668,11620.437447901018,LYBV,0
10166.833371314906,10340.59644394764,DOR,1
10340.59644394764,10960.21688734553,DOR,2
10428.243821746415,11328.243821746415,BW,1
10714.555242255907,11614.555242255907,EXPO,1
10960.21688734553,11066.833371314906,DOR,3
11066.833371314906,11614.437021647565,DOR,0
11328.243821746415,12021.914256800188,BW,0
11372.362580784695,11950.390967231511,JUG,1
11614.437021647565,12305.544666783264,DOR,1
11614.555242255907,13921.729954668925,EXPO,0
11620.437447901018,12137.121267183806,LYBV,1
11950.390967231511,12268.289390718215,JUG,2
12021.914256800188,12921.914256800188,BW,1
12137.121267183806,12507.223340565497,LYBV,2
12268.289390718215,12272.362580784695,JUG,3
12272.362580784695,12857.994484698012,JUG,0
12305.544666783264,12573.433799314907,DOR,2
12507.223340565497,12654.081773314907,LYBV,3
12573.433799314907,13921.729954668925,DOR,0
12654.081773314907,13474.605790190613,LYBV,0
12857.994484698012,13921.729954668925,JUG,1
12921.914256800188,13238.36235604608,BW,0
13238.36235604608,13626.884152173992,BW,1
13474.605790190613,13919.981922747751,LYBV,1
13626.884152173992,13921.729954668925,BW,2
13919.981922747751,13921.729954668925,LYBV,2
13921.729954668926,19431.54454650155,LYBE,0
13921.729954668926,32210.148297975,EXPO,0
13921.729954668926,14024.337826389452,BW,2
13921.729954668926,13973.332273314907,JUG,1
13921.729954668926,14483.021399658415,DOR,0
13921.729954668926,14418.178142668925,LYBV,2
13973.332273314907,15350.759903847029,JUG,0
14024.337826389452,14138.36235604608,BW,3
14138.36235604608,15450.931122238002,BW,0
14418.178142668925,14961.405699926736,LYBV,0
14483.021399658415,15383.021399658415,DOR,1
14961.405699926736,15094.870004625744,LYBV,1
15094.870004625744,15269.98775525183,LYBV,2
15269.98775525183,15861.405699926736,LYBV,3
15350.759903847029,16503.184613376703,JUG,1
15383.021399658415,26557.110206249403,DOR,0
15450.931122238002,15826.654859741007,BW,1
15826.654859741007,15951.502006898609,BW,2
15861.405699926736,26428.639534150047,LYBV,0
15951.502006898609,15972.345690605773,BW,3
15972.345690605773,18370.99333536592,BW,0
16503.184613376703,21320.631268992245,JUG,0
18370.99333536592,19270.99333536592,BW,1
19270.99333536592,19782.79911142926,BW,0
19431.54454650155,20331.54454650155,LYBE,1
19782.79911142926,20682.79911142926,BW,1
20331.54454650155,20417.213126561765,LYBE,0
20417.213126561765,20902.072848999345,LYBE,1
20682.79911142926,23594.117520299464,BW,0
20902.072848999345,21002.348912225567,LYBE,2
21002.348912225567,21136.741452542094,LYBE,3
21136.741452542094,21317.213126561765,LYBE,4
21317.213126561765,21802.072848999345,LYBE,3
21320.631268992245,21710.590117559954,JUG,1
21710.590117559954,22220.631268992245,JUG,2
21802.072848999345,22036.741452542094,LYBE,1
22036.741452542094,23628.75505051638,LYBE,0
22220.631268992245,29506.335018842095,JUG,0
23594.117520299464,23604.151459232893,BW,1
23604.151459232893,24494.117520299464,BW,2
23628.75505051638,24528.75505051638,LYBE,1
24494.117520299464,25633.206098884217,BW,0
24528.75505051638,31972.000505572963,LYBE,0
25633.206098884217,26533.206098884217,BW,1
26428.639534150047,27328.639534150047,LYBV,1
26533.206098884217,27324.995221116224,BW,0
26557.110206249403,27812.795435116223,DOR,1
27324.995221116224,27468.985653772204,BW,1
27328.639534150047,37207.24809753941,LYBV,0
27468.985653772204,28224.995221116224,BW,2
27812.795435116223,30522.154594672364,DOR,0
28224.995221116224,33441.21319267613,BW,0
29506.335018842095,30406.335018842095,JUG,1
30406.335018842095,36795.9140135983,JUG,0
30522.154594672364,31422.154594672364,DOR,1
31422.154594672364,33088.777022947965,DOR,0
31972.000505572963,32031.03106731104,LYBE,1
32031.03106731104,32216.90298943206,LYBE,2
32210.148297975,33110.148297975,EXPO,1
32216.90298943206,32374.98282377517,LYBE,3
32374.98282377517,32546.581703424687,LYBE,4
32546.581703424687,32872.00050557296,LYBE,5
32872.00050557296,33116.902989432056,LYBE,3
33088.777022947965,33310.11919589054,DOR,1
33110.148297975,39216.59859156666,EXPO,0
33116.902989432056,33274.98282377517,LYBE,1
33274.98282377517,33354.50623716579,LYBE,0
33310.11919589054,34787.02545157297,DOR,2
33354.50623716579,33462.15207426216,LYBE,1
33441.21319267613,34100.70696096062,BW,1
33462.15207426216,34089.15594322345,LYBE,2
34089.15594322345,34254.50623716579,LYBE,3
34100.70696096062,34832.022751683435,BW,2
34254.50623716579,34362.15207426216,LYBE,2
34362.15207426216,34989.15594322345,LYBE,1
34787.02545157297,35523.817762518636,DOR,0
34832.022751683435,35038.351141975,BW,3
34989.15594322345,35085.19806199504,LYBE,0
35038.351141975,37617.27118187957,BW,0
35085.19806199504,35985.19806199504,LYBE,1
35523.817762518636,36005.6503103007,DOR,1
35985.19806199504,39113.20831860505,LYBE,0
36005.6503103007,36423.817762518636,DOR,2
36423.817762518636,37210.3353883367,DOR,0
36795.9140135983,37695.9140135983,JUG,1
37207.24809753941,38190.25215530609,LYBV,1
37210.3353883367,38110.3353883367,DOR,1
37617.27118187957,38517.27118187957,BW,1
37695.9140135983,43809.13701839535,JUG,0
38110.3353883367,49893.98572454773,DOR,0
38190.25215530609,38470.06616451864,LYBV,2
38470.06616451864,38969.37502864837,LYBV,0
38517.27118187957,39585.549908335284,BW,0
38969.37502864837,39784.121934181836,LYBV,1
39113.20831860505,39304.4148873833,LYBE,1
39216.59859156666,39818.29759372917,EXPO,1
39304.4148873833,39308.35180913415,LYBE,2
39308.35180913415,39452.639627774035,LYBE,3
39452.639627774035,39599.073122443195,LYBE,4
39585.549908335284,40730.614492476954,BW,1
39599.073122443195,39776.35407061154,LYBE,5
39776.35407061154,39860.3869302283,LYBE,6
39784.121934181836,39869.37502864837,LYBV,2
39818.29759372917,40116.59859156666,EXPO,2
39860.3869302283,40119.2559614849,LYBE,3
39869.37502864837,42694.94395632018,LYBV,0
40116.59859156666,49893.98572454773,EXPO,0
40119.2559614849,40208.35180913415,LYBE,4
40208.35180913415,40236.99661748845,LYBE,2
40236.99661748845,40279.41254870017,LYBE,3
40279.41254870017,40695.0944729708,LYBE,4
40695.0944729708,40717.74549335208,LYBE,5
40717.74549335208,40762.204271290444,LYBE,6
40730.614492476954,45359.22877864132,BW,2
40762.204271290444,40827.82321664837,LYBE,7
40827.82321664837,41065.35375988457,LYBE,4
41065.35375988457,41090.3865796443,LYBE,5
41090.3865796443,41136.99661748845,LYBE,6
41136.99661748845,41374.0585742283,LYBE,5
41374.0585742283,41579.644645672226,LYBE,3
41579.644645672226,41627.874469990966,LYBE,4
41627.874469990966,41783.42784064837,LYBE,5
41783.42784064837,41990.3865796443,LYBE,3
41990.3865796443,42155.04255394638,LYBE,2
42155.04255394638,42157.87258100324,LYBE,3
42157.87258100324,42180.6929316628,LYBE,4
42180.6929316628,42255.118600744354,LYBE,5
42255.118600744354,42738.74354829694,LYBE,6
42694.94395632018,44669.80393560377,LYBV,1
42738.74354829694,42827.66826148845,LYBE,7
42827.66826148845,42849.705429025074,LYBE,6
42849.705429025074,42855.02432728561,LYBE,7
42855.02432728561,43047.96947061337,LYBE,8
43047.96947061337,43053.61335618655,LYBE,9
43053.61335618655,43196.70292871169,LYBE,10
43196.70292871169,43472.39818858472,LYBE,6
43472.39818858472,43882.46417264132,LYBE,7
43809.13701839535,47083.624441663545,JUG,1
43882.46417264132,44036.613246605826,LYBE,3
44036.613246605826,44422.46417264132,LYBE,4
44422.46417264132,44462.46417264132,LYBE,3
44462.46417264132,44605.380266477965,LYBE,1
44605.380266477965,44936.613246605826,LYBE,2
44669.80393560377,47210.40044471329,LYBV,2
44936.613246605826,45334.32674786566,LYBE,1
45334.32674786566,45505.380266477965,LYBE,2
45359.22877864132,46154.27015562746,BW,0
45505.380266477965,46234.32674786566,LYBE,1
46154.27015562746,47054.27015562746,BW,1
46234.32674786566,46745.56795234651,LYBE,0
46745.56795234651,46758.296961670974,LYBE,1
46758.296961670974,46847.60549599241,LYBE,2
46847.60549599241,47133.05916909178,LYBE,3
47054.27015562746,47301.153769267185,BW,0
47083.624441663545,49149.79057519288,JUG,0
47133.05916909178,47531.66902111498,LYBE,4
47210.40044471329,49893.98572454773,LYBV,0
47301.153769267185,47855.89531905467,BW,1
47531.66902111498,47760.10597762746,LYBE,5
47760.10597762746,47840.49049350917,LYBE,3
47840.49049350917,47865.59531838536,LYBE,4
47855.89531905467,49593.990616869174,BW,2
47865.59531838536,47882.426753663545,LYBE,3
47882.426753663545,47996.76825815561,LYBE,1
47996.76825815561,48462.41160065811,LYBE,2
48462.41160065811,48616.130371121886,LYBE,1
48616.130371121886,49071.55408829247,LYBE,2
49071.55408829247,49097.58317143745,LYBE,3
49097.58317143745,49281.75609436852,LYBE,4
49149.79057519288,49893.98572454773,JUG,1
49281.75609436852,49620.276576470955,LYBE,3
49593.990616869174,49676.34847888427,BW,3
49620.276576470955,49893.98572454773,LYBE,2
49676.34847888427,49893.98572454773,BW,4
49893.98572454774,49997.83674849815,LYBE,2
49893.98572454774,51891.45346562218,EXPO,0
49893.98572454774,50341.48470800391,BW,4
49893.98572454774,50868.879841879505,JUG,1
49893.98572454774,50269.307122918435,DOR,0
49893.98572454774,50662.38544333992,LYBV,0
49997.83674849815,50038.99321625003,LYBE,1
50038.99321625003,50390.43391254774,LYBE,2
50269.307122918435,51891.45346562218,DOR,1
50341.48470800391,50886.57712522778,BW,5
50390.43391254774,51331.843123896884,LYBE,1
50662.38544333992,51375.5108939951,LYBV,1
50868.879841879505,51218.10558776272,JUG,2
50886.57712522778,51057.42065098793,BW,1
51057.42065098793,51891.45346562218,BW,2
51218.10558776272,51891.45346562218,JUG,3
51331.843123896884,51800.089715013106,LYBE,0
51375.5108939951,51891.45346562218,LYBV,2
51800.089715013106,51891.45346562218,LYBE,1
51891.45346562219,52700.089715013106,LYBE,1
51891.45346562219,77872.83616863024,EXPO,0
51891.45346562219,51978.93091720188,BW,2
51891.45346562219,52491.72609002651,JUG,3
51891.45346562219,52848.03022362219,DOR,1
51891.45346562219,53557.563276277026,LYBV,2
51978.93091720188,53801.69801594381,BW,0
52491.72609002651,55632.53522227984,JUG,0
52700.089715013106,55709.927771648814,LYBE,0
52848.03022362219,54865.099825708356,DOR,0
53557.563276277026,54134.32072435531,LYBV,0
53801.69801594381,54701.69801594381,BW,1
54134.32072435531,54675.52211769849,LYBV,1
54675.52211769849,55034.32072435531,LYBV,2
54701.69801594381,55295.17206431417,BW,0
54865.099825708356,55084.326103521,DOR,1
55034.32072435531,56283.91491629288,LYBV,0
55084.326103521,55765.099825708356,DOR,2
55295.17206431417,56138.31164700396,BW,1
55632.53522227984,56532.53522227984,JUG,1
55709.927771648814,55721.63478054603,LYBE,1
55721.63478054603,56606.16160234108,LYBE,2
55765.099825708356,58699.843831469225,DOR,0
56138.31164700396,56195.17206431417,BW,2
56195.17206431417,58911.52015708043,BW,0
56283.91491629288,57641.78572227984,LYBV,1
56532.53522227984,58456.46435091021,JUG,0
56606.16160234108,56609.927771648814,LYBE,3
56609.927771648814,57693.466341805244,LYBE,0
57641.78572227984,58639.46884968134,LYBV,0
57693.466341805244,58593.466341805244,LYBE,1
58456.46435091021,59356.46435091021,JUG,1
58593.466341805244,60532.52372209914,LYBE,0
58639.46884968134,59213.680150901244,LYBV,1
58699.843831469225,59700.08295677979,DOR,1
58911.52015708043,59811.52015708043,BW,1
59213.680150901244,59539.46884968134,LYBV,2
59356.46435091021,65708.12651290331,JUG,0
59539.46884968134,62381.63091570119,LYBV,0
59700.08295677979,61904.050724332155,DOR,0
59811.52015708043,65822.42371652849,BW,0
60532.52372209914,60679.76774160635,LYBE,1
60679.76774160635,60758.04982723885,LYBE,2
60758.04982723885,60976.873754802495,LYBE,3
60976.873754802495,61164.56153201922,LYBE,4
61164.56153201922,61246.282496645945,LYBE,1
61246.282496645945,61572.29123681237,LYBE,2
61572.29123681237,61658.04982723885,LYBE,3
61658.04982723885,62373.87100156278,LYBE,1
61904.050724332155,62804.050724332155,DOR,1
62373.87100156278,62472.29123681237,LYBE,2
62381.63091570119,63281.63091570119,LYBV,1
62472.29123681237,63273.87100156278,LYBE,1
62804.050724332155,89041.63539248033,DOR,0
63273.87100156278,63563.04186739216,LYBE,0
63281.63091570119,70312.19144560437,LYBV,0
63563.04186739216,64040.26853351937,LYBE,1
64040.26853351937,64338.99767623288,LYBE,2
64338.99767623288,64463.04186739216,LYBE,3
64463.04186739216,65238.99767623288,LYBE,1
65238.99767623288,66135.75229621665,LYBE,0
65708.12651290331,66608.12651290331,JUG,1
65822.42371652849,65910.57205051741,BW,1
65910.57205051741,66240.1103010612,BW,2
66135.75229621665,66868.331753458,LYBE,1
66240.1103010612,66722.42371652849,BW,3
66608.12651290331,77927.86833325229,JUG,0
66722.42371652849,77235.63257846772,BW,0
66868.331753458,66879.79907423501,LYBE,2
66879.79907423501,66987.69491750377,LYBE,3
66987.69491750377,67035.75229621665,LYBE,4
67035.75229621665,67195.75801265058,LYBE,2
67195.75801265058,67205.94679581649,LYBE,3
67205.94679581649,67273.38639987921,LYBE,4
67273.38639987921,67650.22199746499,LYBE,5
67650.22199746499,68095.75801265058,LYBE,2
68095.75801265058,68115.756986869,LYBE,1
68115.756986869,68310.25953852848,LYBE,2
68310.25953852848,68675.02932403152,LYBE,1
68675.02932403152,69015.756986869,LYBE,2
69015.756986869,69575.02932403152,LYBE,1
69575.02932403152,73074.79042692418,LYBE,0
70312.19144560437,71212.19144560437,LYBV,1
71212.19144560437,72822.3132147912,LYBV,0
72822.3132147912,73722.3132147912,LYBV,1
73074.79042692418,73167.6920201456,LYBE,1
73167.6920201456,73974.79042692418,LYBE,2
73722.3132147912,89041.63539248033,LYBV,0
73974.79042692418,74067.6920201456,LYBE,1
74067.6920201456,76449.33931912016,LYBE,0
76449.33931912016,76653.12634063415,LYBE,1
76653.12634063415,77349.33931912016,LYBE,2
77235.63257846772,78135.63257846772,BW,1
77349.33931912016,77557.35677652789,LYBE,0
77557.35677652789,77571.84189163242,LYBE,1
77571.84189163242,78457.35677652789,LYBE,2
77872.83616863024,79545.3278624677,EXPO,1
77927.86833325229,78827.86833325229,JUG,1
78135.63257846772,89041.63539248033,BW,0
78457.35677652789,78675.15908852789,LYBE,1
78675.15908852789,78853.83148174085,LYBE,0
78827.86833325229,89041.63539248033,JUG,0
78853.83148174085,79753.83148174085,LYBE,1
79545.3278624677,89041.63539248033,EXPO,0
79753.83148174085,81114.77450926461,LYBE,0
81114.77450926461,81154.41744318343,LYBE,1
81154.41744318343,81236.40657877366,LYBE,2
81236.40657877366,81971.0833791639,LYBE,3
81971.0833791639,81990.48439841223,LYBE,4
81990.48439841223,82014.77450926461,LYBE,5
82014.77450926461,82054.41744318343,LYBE,4
82054.41744318343,82144.20553339411,LYBE,2
82144.20553339411,82496.86345312359,LYBE,3
82496.86345312359,82565.73870376422,LYBE,4
82565.73870376422,82692.0834319129,LYBE,5
82692.0834319129,82871.0833791639,LYBE,6
82871.0833791639,82890.48439841223,LYBE,5
82890.48439841223,82907.35978199657,LYBE,4
82907.35978199657,83162.36698048236,LYBE,5
83162.36698048236,83206.4750072857,LYBE,6
83206.4750072857,83291.3791332646,LYBE,7
83291.3791332646,83493.37256424905,LYBE,5
83493.37256424905,83520.2998886398,LYBE,6
83520.2998886398,83600.34489702026,LYBE,7
83600.34489702026,83721.3791332646,LYBE,8
83721.3791332646,83913.65422747734,LYBE,6
83913.65422747734,83940.80344236956,LYBE,7
83940.80344236956,84010.55733516389,LYBE,8
84010.55733516389,84193.10147506387,LYBE,4
84193.10147506387,84207.6838071639,LYBE,5
84207.6838071639,84314.36507870296,LYBE,2
84314.36507870296,84380.03206250377,LYBE,3
84380.03206250377,84442.04792788079,LYBE,4
84442.04792788079,84927.57120678067,LYBE,5
84927.57120678067,84935.92826257873,LYBE,6
84935.92826257873,85008.85022016268,LYBE,7
85008.85022016268,85068.85022016268,LYBE,6
85068.85022016268,85402.0288440427,LYBE,2
85402.0288440427,85458.14957175628,LYBE,3
85458.14957175628,85581.20504766508,LYBE,4
85581.20504766508,85747.45371116388,LYBE,5
85747.45371116388,86729.29169387063,LYBE,3
86729.29169387063,86851.02884909864,LYBE,1
86851.02884909864,86962.99696788916,LYBE,2
86962.99696788916,87328.23447252683,LYBE,1
87328.23447252683,87342.83308048033,LYBE,2
87342.83308048033,87562.37136582255,LYBE,3
87562.37136582255,87751.02884909864,LYBE,4
87751.02884909864,88242.83308048033,LYBE,1
88242.83308048033,89041.63539248033,LYBE,0
